,condition,coord_pair,date,description,engine hours (total),id,lat,length overall (LOA),long,make / manufacturer,map_URL,model name / number,price,propulsion type,region,title,url,year manufactured
0,excellent,,2016-12-20 13:56,"1998 Monterey 230 explore open center consoul deck boat 5.7 liter 350 inboard volvo penta out drive runs great done full service oil change lower unit new plugs fuel pump boat has 250 hrs has custom t-top whit lock box lights and rod holders interior in great shape no rips or tears floor in great shape no soft spots has plenty storage on board restroom porta potie dry storage sink and. Refrigerator Fits 13 people or 1900 pounds all lights and gauges works ship to shore am fm CD player rear ladder Anchor rear trim tags galvanize Trailer in great shape tandem axle all lights work bearings have been serviced surge brakes tires in good shape has been great boat for me and my Family we are the second owners has been very well-maintained and kept up over the years have clean and clear title to boat and motor axing 12,800 or best offer for more info please call show contact info",250,5917865517,,23,,Monterey,,Deck boat,$12800,power, (Conroe tx woodlands),1998 Monterey 230 Open Center consul whit T top low hours,https://lakecharles.craigslist.org/boa/5917865517.html,1998
1,like new,"['30.470300', '-93.233700']",2016-12-19 16:29,"12 foot nucanoe. swivel seat, great for hunting or fishing. Text at show contact info",0,5926037746,30.470300,12,-93.233700,nucanoe,"https://maps.google.com/maps/preview/@30.470300,-93.233700,16z",frontier,$550,human, (Ragley),nucanoe,https://lakecharles.craigslist.org/boa/5926037746.html,2015
2,,,2016-12-19 13:37,"Go devil pirogue with anchors 14' 26"" bottom",,5925782094,,14,,,,,$1200,human, (Sulphur),Go devil pirogue,https://lakecharles.craigslist.org/boa/5925782094.html,
3,new,,2016-12-19 11:02,"2016 Epic 25 S/C W/ 225 Suzuki, Atlas Hydraulic Jack Plate, Simrad NX-7 Touch screen,Year end BLOWOUT........More info call show contact info",0,5912536808,,25,,Epic,,25 S/C,$42900,power, (Stuart),2016 Epic 25 S/C,https://lakecharles.craigslist.org/boa/5912536808.html,2016
4,like new,,2016-12-18 20:59,"Like new 4hp 4stroke Outboard coleman motor, runs great, engine has been gone through, asking $475 obo call/text show contact info",10,5908885564,,15,,coleman,,4hp,$475,power, (Lake Charles),4hp Outboard 4stroke,https://lakecharles.craigslist.org/boa/5908885564.html,
5,good,,2016-12-18 16:31,1979 22' Bayliner Buccaneer Sailboat. Fin keel.,,5924698820,,22,,Bayliner,,Buccaneer,$3000,sail, (Lake Arthur),1979 22' Bayliner Sailboat,https://lakecharles.craigslist.org/boa/5924698820.html,
6,excellent,"['30.062409', '-92.710533']",2016-12-18 16:31,In great shape with 2 sets of sails and unregistered trailer. show contact info,,5924698278,30.062409,19,-92.710533,Flying Scot,"https://maps.google.com/maps/preview/@30.062409,-92.710533,16z",672,$3000,sail, (lake arthur),19' Flying Scot #672,https://lakecharles.craigslist.org/boa/5924698278.html,
7,,,2016-12-18 12:03,2002 fish master Travis edition 2002 Suzuki 159 2.7L Efi Stainless steel prop Hydraulic jack plate hydraulic steering Cooler seat 2 live wells 6 rod holders Fishing chair up front GPS Ship to shore radio CD player Bilge pump 2 jump seats in back Canopy top Running lights Side rod holders Floor storage Anchor and rope Keep guard NO trollen motor Asking cash price $9000 OBO Clear title in hand Call Alex at show contact info,,5890590585,,21,,,,,$9000,power, (Spring Tx),2002 Fish Master- Travis Edition,https://lakecharles.craigslist.org/boa/5890590585.html,
8,good,,2016-12-17 16:19,GREAT LIVE ABOARD.  TWIN DIESEL.  DALE show contact info,1400,5901590354,,41,,LITTON,,Aft cabin trawler,$35000,power, (Madisonville LA),41 TRAWLER YACHT,https://lakecharles.craigslist.org/boa/5901590354.html,1987
9,like new,"['32.967300', '-96.980500']",2016-12-16 16:33,"2011 Bayliner 215 bought new in fall of 2012, the boat is in excellent condition with less than 30 hours. Asking $21,500, Book Value is over $28,000. It's been well maintained, serviced, always winterized and stored indoors. This boat has ample storage and seating with a wrap around bench seat with a built-in ice chest, lounger and two captain's seats with the jump seat option. Giant sunpad with removable cushions for a walk through from the large fiberglass swim platform that has a drop down ladder. Nice gauges with chrome bezels, a digital depth finder, AM/FM stereo/cd with MP3 player and an Italian racing steering wheel. Powered by a strong 220hp MerCruiser 4.3L MPI engine. Extra features are a Bimini top and towable bow and cockpit covers. Comes with a matching painted trailer with a swing away tongue and an attached spare tire. This boat's handling and responsiveness is superb with very good fuel efficiency. Please call or text for more information, show contact info",30,5894586041,32.967300,21,-96.980500,Bayliner,"https://maps.google.com/maps/preview/@32.967300,-96.980500,16z",215 BR,$21500,power," (Dallas, TX)",2011 Bayliner 215 BR,https://lakecharles.craigslist.org/boa/5894586041.html,2011
10,good,,2016-12-16 11:35,"I am selling a 2003 Crestliner fishhawk 18.5 feet, the boat comes with trailer  but no engine (its rated for up to a 150hp tho), the boat is in great condition, all the Upholstery is in great condition too, i am asking $3,000 obo for the boat and tr?iler package, i have the titles for both boat and trailer  in hand ready to make a sale, call/text show contact info",,5912529273,,185,,Crestliner,,Fishhawk,$3000,power," (Sulphur, LA)",2003 Crestliner 1850 FishHawk,https://lakecharles.craigslist.org/boa/5912529273.html,2003
11,excellent,[],2016-12-16 08:34,"1976 GLASTRON Model GT150 fiberglass ski boat. This is a great boat for running the river pulling a set of skis or blow up pull behind at a clocked speed of 50 mph. This boat climbs out of the hole at a rapid rate and levels out on plane as expected. It is quick and looks good doing it. 1990 NISSAN 90hp outboard is the driving force behind this newly renovated rig. There is one small issue with the choke on the motor, it is not a significant problem and only effects the starting of the motor, causes NO issues with the running on the motor. I have anchor, skis, knee boards, ropes, fire extinguisher and life jackets that all go with the boat. I know this is not boat season but I am a highly motivated seller and need this to be gone as soon as possible, I am building a house and we need house money.",,5921508722,,15,,GLASTRON,https://maps.google.com/?q=loc%3A+Creole+St%2E+at+W%2E+Oak+Lane+Lake+Charles+LA+US,GT150,$4500,power, (Lake Charles),Fibergalss Ski Boat,https://lakecharles.craigslist.org/boa/5921508722.html,1976
12,,"['30.403300', '-88.960500']",2016-12-16 07:27,"Looking for 20-26' sailboat with full keel, inboard engine, enclosed head. Bayfield 25, Bristol 24, Cape Dory 25, Vancouver 25, Voyager 26 type sailboats. No projects. Trailer a plus.",,5889447512,30.403300,26,-88.960500,,"https://maps.google.com/maps/preview/@30.403300,-88.960500,16z",,,sail,,Sailboat Wanted,https://lakecharles.craigslist.org/boa/5889447512.html,
13,excellent,"['30.169300', '-93.221800']",2016-12-15 23:59,Nice small riveted john boat with no leaks.  Boat is currently registered in La.,,5921344452,30.169300,12,-93.221800,,"https://maps.google.com/maps/preview/@30.169300,-93.221800,16z",,$400,power, (Lake Charles),1232 Alumacraft,https://lakecharles.craigslist.org/boa/5921344452.html,
14,,"['30.169300', '-93.221800']",2016-12-15 23:57,Good running 2 stroke outboard just too big for my boat.,,5921343227,30.169300,14,-93.221800,,"https://maps.google.com/maps/preview/@30.169300,-93.221800,16z",,$650,power, (Lake Charles),1985 25hp Johnson,https://lakecharles.craigslist.org/boa/5921343227.html,
15,good,,2016-12-15 05:50,"Good condition, runs great, 2008 Sea Doo Jet Ski GTX 215 Supercharged with trailer, a very fast jet ski. Able to tow tubes/skis, has 94 hours on it, Comes with trailer & 2 spare tires, a brand new black/yellow all purpose custom cover, tire lock, a gel battery and acid battery, 5 life jackets, a training key and regular key, straps to secure it to trailer, one towing tube and rope, battery charger/maintainer. Jet Ski fits 3 occupants. Asking $4650. If interested, contact Joe at show contact info *No Trades*",94,5894018681,,14,,Seadoo,,GTX 215,$4650,power, (Deridder),Seadoo Jet Ski,https://lakecharles.craigslist.org/boa/5894018681.html,2008
16,excellent,"['30.220805', '-93.215904']",2016-12-15 00:26,"I have a Rinker captiva 212 it's a 21' foot boot. It has a 5.7 liter v8 it has 210 horsepower. It's inboard and outboard are in great. It's a super strong running boat has a lot of power great for tubbing and wake boarding and knee boarding. The seats have no tears there in perfect condition and it has a new propeller and the boat trailer was purchased new 2 years for a couple grand. The boat comes with working fm and am radio,plenty of life jackets and wakeboarding jackets and a knee board. I would trade for a nice dirtbike or a nice sportbike. If you have any question call me at show contact info I have a video of the boat running on water!",,5920025000,30.220805,21,-93.215904,Rinker,"https://maps.google.com/maps/preview/@30.220805,-93.215904,16z",Captiva 212,$5600,power, (Lake Charles),Rinker boat for sale or trade,https://lakecharles.craigslist.org/boa/5920025000.html,1997
17,,"['30.200900', '-93.443700']",2016-12-14 16:52,"1995 17ft Crestliner with a 1993 70 Yamaha motor. Trolling motor works good, the boat runs great. 2 batteries not even a year old, tires I bought back in August. Needs new seats but overall great boat. Title for boat and trailer. Text show contact info Asking $4000",,5919639803,30.200900,17,-93.443700,,"https://maps.google.com/maps/preview/@30.200900,-93.443700,16z",,$4000,power,,Boat,https://lakecharles.craigslist.org/boa/5919639803.html,
18,like new,"['31.125600', '-93.173600']",2016-12-14 09:37,2014 Avalon Saltwater Series 22' long with a 115hp Yamaha 4 stroke motor.. Set up to fish comes equipped with 3rd pontoon and livewell. also has raise up bathroom/change room. EXTREMELY NICE. call or text bradley at show contact info,,5918957619,31.125600,22,-93.173600,Avalon,"https://maps.google.com/maps/preview/@31.125600,-93.173600,16z",Saltwater Series,$27000,power,,2014 Avalon 22' Saltwater Series Fishing Barge,https://lakecharles.craigslist.org/boa/5918957619.html,2014
19,new,,2016-12-14 08:54,"3XD is your source for 'Hardcore camouflage & custom painting'! Let us transform your rig into a one of a kind custom. Durable paint coatings, HiDef designs, and friendly professional service is our goal. We welcome you to comeexperience the Triple-X-Designs* difference! Located in Carencro La./ 5 mi. north of Lafayette. Give us a call today, 9am-6pm Mon.- Sat. show contact info https://www.facebook.com/3XDesignstimboudreaux",,5900468357,,1,,,,,,power,,ðŸŽ¨CAMOUFLAGE PAINTING by 3XD,https://lakecharles.craigslist.org/boa/5900468357.html,
20,excellent,"['30.404712', '-89.249496']",2016-12-14 07:36,"Solid 6 x 6 wheelhouse  good condition , $1595.00 , delivery available ,",,5887255960,30.404712,6,-89.249496,,"https://maps.google.com/maps/preview/@30.404712,-89.249496,16z",,$1595,power, (Pass Christian),6' by 6' wheelhouse,https://lakecharles.craigslist.org/boa/5887255960.html,
21,good,"['30.169300', '-93.221800']",2016-12-13 16:37,One of kind 18' marsh Runner for Sale. This boat is powered by a 2007 Yamaha 50HP 2 stroke. This vessel features a tunnel that runs almost the entire length of the bottom. Other features of this boat include: -poling platform -55lb thrust Minn Kota Riptide -manual shallow water anchor -manual adjustable jack plate -bilge pump -steering wheel -spare tire kit,,5918222050,30.169300,18,-93.221800,Clay Craft,"https://maps.google.com/maps/preview/@30.169300,-93.221800,16z",,$7995,power,,18' Marsh Runner for Sale,https://lakecharles.craigslist.org/boa/5918222050.html,
22,,,2016-12-13 13:39,"This will fit many 150hp-200hp Yamaha Outboards from 2003 and newer. It was pulled from a low hour 2006 Yamaha Z200TXR that lost compression. Gearcase Oil is clean with no shavings, Prop Shaft is good and Straight, Good water pump, Shifts in and out of Forward - Neutral- and Reverse Smoothly. Ready to bolt on and go Today! $800 Cash E-mail, Call, or Text : show contact info",,5917951239,,1,,,,,,power,,Yamaha 150hp-200hp Lower Unit.,https://lakecharles.craigslist.org/boa/5917951239.html,
23,good,[],2016-12-13 10:47,2013 18' Suntracker Party Barge Deluxe Pontoon with Mercury motor for sale. Only used a few times. Less than 59 hours on motor. Seams have split on 2 seats but otherwise in great condition.  All bumpers and life jackets included. Located in Westlake. $11000 to pay off loan OBO.,60,5917651419,,20,,Suntracker,https://maps.google.com/?q=loc%3A+%34%33%30+legion+lane+Westlake+LA+US,,$11000,power, (Lake Charles),2013 Suntracker 18' Partybarge,https://lakecharles.craigslist.org/boa/5917651419.html,2013
24,like new,[],2016-12-13 08:45,15ft by 50 inches weldcraft with 2016 50 Hp Tohatsu four stroke 6 hours on motor stainless prop price 8800 not negotiable ph show contact info Tiller handle motor,6,5917461188,,15,,Weldcraft,https://maps.google.com/?q=loc%3A+%31%34%37%35+Becky+st+Lake+charles+LA+US,15/50,$8800,power, (Lake charles),15 /50 weldcraft alum  boat,https://lakecharles.craigslist.org/boa/5917461188.html,2013
25,,"['29.679403', '-91.284027']",2016-12-13 06:10,"33 hp kohler fuel injected engine has only 25 hours aprox, manual reverse and trim very good cond 15 inch shaft $4750.00",,5917326858,29.679403,33,-91.284027,,"https://maps.google.com/maps/preview/@29.679403,-91.284027,16z",,$4750,power, (patterson),33 hp pro drive,https://lakecharles.craigslist.org/boa/5917326858.html,
26,,,2016-12-13 04:17,Just wanting to go bigger 454 with bravo 1,,5898778116,,23,,,,,$14000,power, (Mossbluff),1991 warlock cat,https://lakecharles.craigslist.org/boa/5898778116.html,
27,,"['29.561300', '-97.962800']",2016-12-12 20:56,"1985 Ski Centurion 19ft, 600 hr's, 351 M Motor, Runs Perfect",600,5917071896,29.561300,19,-97.962800,Ski Centurion,"https://maps.google.com/maps/preview/@29.561300,-97.962800,16z",Trutrac,$4500,power, (Seguin),Ski Boat,https://lakecharles.craigslist.org/boa/5917071896.html,1985
28,,"['30.315832', '-91.831369']",2016-12-12 20:34,"We have the most awesome sailboat for sale! The Hobie Wave is the most portable Catamaran sailboat ever made! We have loved this boat, but it's time for something new. This is the perfect boat for people who love to go to the beach,& love to sail. It can easily be transported in the back of a pick-up, or on the roof rack of an SUV. It sets up in about 30 minutes, can hold 4 people, it has no ""keels"" hanging down, so it's the perfect sailboat for shallow water and beaching! The hulls are plastic, and are considered ""indistructable""! In addition to all the ""stock stuff"", the boat comes with a jib, masthead float, trapeze, and a backrest(all factory accessaries). Both sails are crisp, and are in excellent shape! All rigging (lines, ropes, and hardware) are in perfect shape! The trampoline is new, and a better design than the stock one(it doesn't have stitching up the center), and comes with a nice sized zip able storage pocket. Other than maybe being a little dirty, everything is in ""New Condition"" This is a very stable platform to learn on, or have kids sailing, but can be very fun and exciting for the ""seasoned sailer"". This is the same boat that they rent out at resorts all over the world! If you want to trailer it, I have the pieces you could easily add to a small trailer(cheap at Harbor Freight) that came off of the previous trailer. Thanks for looking!",,5917051384,30.315832,13,-91.831369,Hobie,"https://maps.google.com/maps/preview/@30.315832,-91.831369,16z",Wave,$3600,sail," (Bread Bridge, LA)",Hobie Wave For Sale,https://lakecharles.craigslist.org/boa/5917051384.html,2001
29,,"['30.315528', '-91.831284']",2016-12-12 20:19,"We have the most awesome sailboat for sale! We have loved this boat, but it's time for something new. This is the perfect boat for people who love to go to the beach, and love to sail. It can easily be transported in the back of a pick-up, or on the roof rack of an SUV. It sets up in about 30 minutes, can hold 4 people, it has no ""keels"" hanging down, so it's the perfect sailboat for shallow water and beaching! The hulls are plastic, and are considered ""indistructable""! In addition to all the ""stock stuff"", the boat comes with a jib, masthead float, trapeze, and a backrest(all factory accessaries). Both sails are crisp, and are in excellent shape! All rigging (lines, ropes, and hardware) are in perfect shape! The trampoline is new, and a better design than the stock one(it doesn't have stitching up the center), and comes with a nice sized zip able storage pocket. Other than maybe being a little dusty, everything is in ""New Condition"" This is a very stable platform to learn on, or have kids sailing, but can be very fun and exciting for the ""seasoned sailer"". This is the same boat that they rent out at resorts all over the world! If you want to trailer it, I have the pieces you could easily add to a small trailer(cheap at Harbor Freight) that came off of the previous trailer. Thanks for looking!",,5917036323,30.315528,13,-91.831284,,"https://maps.google.com/maps/preview/@30.315528,-91.831284,16z",,$3600,sail," (Breaux Bridge, LA)",Hobie Wave for sale,https://lakecharles.craigslist.org/boa/5917036323.html,
30,,,2016-12-12 11:58,"Yamaha 90hp Outboard With Big Tiller Handle. It has Electric Key start and Trim button on Tiller handle. I just paid to have a full tune up. It has a New Water Pump, New drive Shaft Seals and Fresh gear oil in lower unit.  Carbs were Completly gone through and Oil Injection deleted to run on Pre-Mixed fuel now. This motor runs very well, Has Great Compression, starts right up with turn of the key, idles nice low and smooth, throttles up with no hesitation, has great power and pumps cooling water well. It shifts into forward, neutral and reverse smoothly. This Motor is on a boat and can be water tested before buying.  $3600 with SS Prop.   I have an engine hoist here and can take motor off and load it up for you. E-mail, Call, or Text : show contact info",,5889159485,,1,,,,,,power,,Yamaha 90hp W/Big Tiller Handle,https://lakecharles.craigslist.org/boa/5889159485.html,
31,,,2016-12-11 08:20,We are a new forum that focuses on boating Louisiana. Bayou Boaters. http://www.bayouboaters.com Stop by and register. Everyone welcome:) see you soon.,,5914714235,,1,,,,,,human,,New boating forum,https://lakecharles.craigslist.org/boa/5914714235.html,
32,,"['30.079195', '-92.809067']",2016-12-10 12:01,15 ft Jon boat and trailer. I have papers on both the boat and trailer. Lights work comes with a trolling motor. Good for fishing or duck hunting. $900,,5913743419,30.079195,15,-92.809067,,"https://maps.google.com/maps/preview/@30.079195,-92.809067,16z",,$900,power, (Lake Arthur),15 ft Jon boat and trailer,https://lakecharles.craigslist.org/boa/5913743419.html,
33,,,2016-12-10 09:40,"12.6 Cobra Fish n Dive kayak sit on top 3 Scotty Rod holders, 2 Rod holders back of seat Action Water Sports adjustable seat 6ft Marsh anchor, Anchor Trolley System Anchor w / rope / buoy LED front Nav lights w / battery and charger Rear Nav light removeable Basspro Dip net Powerflex Paddle w / leash Great fishing kayak Call or text show contact info",,5913520549,,12,,,,,$650,human, (Deridder),Cobra Fish n Dive Kayak,https://lakecharles.craigslist.org/boa/5913520549.html,
34,,[],2016-12-09 16:55,"68480.00 OBO Condition:	Used Year:	1984 Engine Type:	Single Inboard Make:	Fu Wha Engine Make:	Perkins that is fresh water cooled Type:	Trawler Engine Model:	135 hp Northern Lights 3 cyl5kw diesel generator that is also fresh water cooled Primary Fuel Type:	Diesel Fuel Capacity:	 Two (2) coated steel 400-gallon total capacity tanks ( great condition no shedding no leaks) cammera inspected Fresh water: Two (2) stainless steel 250-gallon total capacity tanks under Qween size master bead ( center line) Black water: One stainless steel 50 gallon ( centerline installed forward ) Hull Material:	Fiberglass Hull ID Number:	FHD381240184 Hull Length:37.8 feet Hull Breadth:	13.3 feet ( 4.1 meters ) Hull Depth:	6.4 feet ( 2 meters ) Gross Tonnage:	21 Net Tonnage:	17 builder:	FORD'S ANTIQUE BOAT & MOTOR Hull Material:	FRP (Fiberglass) Draft : 3 ft 4 in Bow Thruster is a 7' tunnel thruster that moves her around well main shafit is Stainless Stell 2' stock with cast bronz flax type ( locking nuts) just serviced Both the main and extra prop are 23in x 4 blade cast bronze Rudder is the Cast Bronze balance type ( flax just replaced and serviced aslo ) Very nice, well kept boat inside and out.  New paint on bottom & and Zinks changed Oct. '13 ( has been keept in brackish/fresh water sence)   All new electronics March '14.  Garmin 740S Chart Plotter.  New Garmin radar.  New Garmin auto pilot.  New Garmin AIS.  All on upper helm.  Lower helm has Furuno radar, Garmin 498 chart plotter, VHF marine IC-M504 radio with upper helm hand held.  New electric Windlass wench.  Fresh overhauled transmission 2014.  Single Perkins diesel engine (500 hrs on new Hobbs replaced @ 1728 hrs).  5KW Northern Lights generator.  Front and rear births with electric heads and showers.  Nice salon with convection microwave over, gas 3 burner stove/oven, double stainless steel sink, Norcold frig 110/12v, sea tv atenna , 2 AC/heat and air in aft and bow, 3 brand new marine D batteries, new battery charging system, new 2000 watt inverter, (all new in 2014). Oil change on main is eazy 9 has manual pump out ) so bilge is supper clean ( I built a pump that fits on an eletric drill that make oil changes on gen real easy also.  Boat runs great and is in turn key condition.  Great fuel economy 1.5 gal. per hr.Raw water pump for generator rebuilt. Injector pump on perkins replaced and timmed ( she just purrs like a kitten ) New stuff and changes in the last two years ( all but 3 light on an in the entire boat have been converted to LED) Totaly New led nav lights ( new led strip in Eng. room , forward birth, man salon and aft birth)  Extra 4 blade prop stowed below ( new bow thruster with auto oiler and soloniod pack) new black water masurator ( new 12 gallon fresh water tank for aft head flushing) She was set up ( and can be easly switched to bay water flush when you get to blue water) Rear eletric toilet is brand new) forward head has just been rebuilt with new eletrics, impellers and seals. ( the main shaft & rudder stuffing boxes serviced with the new cord) 2500 watt inverter install and wired in with handheld remote power switch ( we were thinking ice maker, but we got a counter top one that works great) 11 gallon hot water heater works well aso ( motion sensor Led's installed in both heads) Dingy is a Walker bay 10ft sail boat ( no eng yet) but I have all the sails and riggings, and two new alum. oars) extra floats are attached and hold air evenly. ( not nedded, but makes her easy to get in and out of) two if the 3 battery banks have just been replaced with 6 brand new deep cycle batteries wired in series 12V each bank ( and installed in their own battery boxes) New ip67 water and shock froof battery charger installed ( it runs a diagnostic in all 3 banks of you batteries ( will even tell you if the connections are poor !) It knows the type and the polarity at all times. ( A/C 110 water pump is less than 3 years old) one pump for both units. ( storage is everwere and I have 2 of almost everything) The auto pilot is a deam, It take me 1hr to get out of the canal to the lake (then shoot the chanel and dodge all the newly placed crab traps, another 30 min) using the ( hold course is just one button) she makes up for wind and current and keeps you on a straight line. ( Our Gests alway stare in amaizment when I tell her to take me home) She will reverse course and follow the exact same path ( or any one auto stored) and take me all the way back! ( I do not touch the wheel for 1h and 20 min untill I get to the small draw bridge.  There is way to many great things about this boat to list and I know I am frogeting a lot about her, You need to see her in person...... She is impressive to say the least.  I will add what comes to me.... ( lower helm steering seals I replace one year ago) they are both stainless steel boxes with new fluid and brass fittings ( sterring is very responsive and manual) and hydrolic, (not the junky chain type)  the autopilot is eletric/hydrolic. ( right above the main solon is all new blue LED waterproof lights, see Pic's,  Look great for an eavning cruse ( lights up the walk around deck, and you will be seen by trafic) Only a 1 to 1.5 volt drop with every light on her turned on and all eletronics !  Led is the way to go !  last weekend  we cleaned the brackish Moustache off of her ( and sealed the glass) I have a pic of the before and after, I will put it in if I have room. Why in the hell am I selling this awsome boat !  The answer is Time :(   In 9.8 years we can retire ( I PRAY) the fuel burn is great !  but the 7.5 mph is killing us. Right after the tank inspection we filled her up ( and treated with the best on the market) Weekend BBQ and sleep overs have been Great!  We run her almost every week end and a few 10 hour trips to Clear water has been great. Almost 2 years of weekend warrior running and we still have right under 3/4 tanks of fuel left in both. We need something a little faster, our slip is only $100.00 a month in a real secure aera , but on sight and beach play time is really short. So partial trades for a smaller express cruser are more than welcome and an option to purchase her back in nine years or so would also be great!   She has had nothing but T.L.C. and she deserves no less.....  Christian ( five zero four) 8 8 Five - 8 two 8 one   is my work #  Mon-fri  9.AM till 6 PM",3500,5886863590,,38,,,https://maps.google.com/?q=loc%3A+CLEARY+AVE+at+BARRON+METAIRIE+LA+US,,$68000,power, (metairie),38 ft DIESEL   Trawler  ready to go !,https://lakecharles.craigslist.org/boa/5886863590.html,1984
35,excellent,"['30.169300', '-93.221800']",2016-12-08 20:25,"Mint Condition! 2004 26' Robalo with Twin 225 HP Yamaha Four Stroke Motors with 680 hrs. Fuel Capacity... 180 gallons. New Lowrance Touchscreen GPS. Ray Marine Radar. Trim Tabs. Fresh and Saltwater Wash Down. Bait Well. Big Built in Ice Chest. Lots of Storage. Heavy Duty T Top. Marine Head. Tandem Axile McClain Trailer with New Tires and Rims. Two New Batteries Purchased 12/8/2016.  Boat has Never been Stored Outside. Have Mechanic's Contact Information ( only mechanic to service boat, since purchased new). All in Excellent Condition!!! ONLY Reason I'm Selling is due to Relocating! Please No Boat Brokers!",680,5911634221,30.169300,26,-93.221800,Robalo,"https://maps.google.com/maps/preview/@30.169300,-93.221800,16z",,$47500,power, (Louisiana),26' 2004 Robalo Center Console,https://lakecharles.craigslist.org/boa/5911634221.html,2004
36,,"['29.897300', '-90.203300']",2016-12-08 16:49,"We are a forum that focuses on fishing the southern part of Louisiana. Stop by for a visit and share your fishing reports and photos. Good or bad, we welcome all reports. Bayou State Louisiana Fishing Forum. http://www.bayoustatefishing.com/community Stop by and register. Everyone welcome:) see you soon.",,5911388097,29.897300,1,-90.203300,,"https://maps.google.com/maps/preview/@29.897300,-90.203300,16z",,,human,,BayouStateFishing.com Forum,https://lakecharles.craigslist.org/boa/5911388097.html,
37,like new,"['30.404386', '-86.619301']",2016-12-08 16:06,"This bay boat is in excellent condition and ready to fish. The dependable Yamaha 150 only has 104 hours on it, barley broken in. The quality, ride and layout of this boat is for the fisherman who demands the best from his equipment. There are 2 livewells in the boat, 1 in the stern and one in the front of the console. The boat has a colored hull,  Hummingbird FF/Chart, Great White trolling motor, batt charger, jack plate, stereo, tons of storage includeing lockable rod storage, aluminium trailer with spare. This boat is priced to sell now. Asking $37,900 OR MAKE AN OFFER, We Offer Financing!!! Call, text or email me - ASK FOR CHARLIE",104,5911338293,30.404386,20,-86.619301,BLAZER,"https://maps.google.com/maps/preview/@30.404386,-86.619301,16z",2020 BAY/CC,,power,,BLAZER 2020 BAY/CC  '14 - Priced To Move,https://lakecharles.craigslist.org/bod/5911338293.html,2014
38,,"['30.415874', '-94.172060']",2016-12-08 14:48,"surgery forces sell not even 100 hrs on boat 2012 alumacraft mv 2072 tunnel bay boat with 2012 Yamaha 115hp. on aluminum trailer with spare tire holder. Boat is completely rigged with, New seats plus hydraulic adjust casting stand for front minnkota 36v i-pilot gps controlled trolling motor with foot control and remote. 3 bank battery charger LED lighting package 24"" bar light and lights ran under railing 2 Lowrance fish finders 1 7"" gps, chart planner, nema comptible with card, 1 on front of boat 7 speaker stereo system with 8"" sub with aux input and usb full gauges vhf radio bimini top blue sea add a battery with battery cut off switch acr to charge 2 batteries off of alternator 2 batteries 1 house for electronics 1 for starting full switch panel 2 battery voltage display 21 gallon fuel tank front storage live well rod holders thru out 2 life jackets, paddle, fire extinguisher, anchor, 2 throw cushions $18,000  FIRM call only or text show contact info Tim",,5885440874,30.415874,20,-94.172060,alumacraft,"https://maps.google.com/maps/preview/@30.415874,-94.172060,16z",mv 2072,$18000,power, (Silsbee),2012 alumacraft 2072/2012 yamaha 115hp,https://lakecharles.craigslist.org/boa/5885440874.html,2012
39,excellent,,2016-12-08 04:39,"2000 ALWELD 15/48 Carpeted with 25 Tohatsu, runs great must see to appreciate. $3500.00 OBO  Text for Pictures",,5910467799,,15,,ALWELD,,ALWELD,$3500,power, (Lake Charles),15/48 ALWELD with 25 Tohatsu,https://lakecharles.craigslist.org/boa/5910467799.html,2000
40,,"['30.087100', '-94.125400']",2016-12-07 10:15,"Pete Jorgensen Marine is having a Christmas sale on all remaining 2016 Shallow Sport Boats! Stop by today and see our selection of Shallow Sport Boats! 2016 Shallow Sport X3 The new 25 X3 is the ""Game Changer"" for Shallow Sport! Multi-hulled tunnel trimaran design. Fishes shallow and runs exceptionally skinny! Strong ride in heavy chop...nothing else like it on the market! Evinrude E-tec 250 power, forward casting platform, LED lights, T top, LED light bars, much more! $86,920 plus tt&l Other models in stock and ready for delivery: 24 Sport 2 to choose from 21 Sport 1 left 18 Sport 2 to choose from rigged with Yamaha or Evinrude Call us today and get yours before they are all gone! Pete Jorgensen Marine 24 North 11th Street Beaumont, TX 77702 Phone: (409) 212-1005 Toll-Free: (866) 695-4439 www.jorgensenmarine.com check us out on Facebook",,5909323538,30.087100,25,-94.125400,,"https://maps.google.com/maps/preview/@30.087100,-94.125400,16z",,,power,,Shallow Sport Boats Christmas Special at Pete Jorgensen Marine!,https://lakecharles.craigslist.org/bod/5909323538.html,
41,,"['31.177370', '-91.962873']",2016-12-07 09:30,"18.5"" Cajun Bay Boat with a 120Hp Johnson All aluminum trailer I have papers/title for boat and trailer New ice chest/seat cushion by steering wheel Troll motor CALL FOR A GREAT DEAL",,5909247643,31.177370,18,-91.962873,,"https://maps.google.com/maps/preview/@31.177370,-91.962873,16z",,$6000,power,,18' CAJUN BAY BOAT,https://lakecharles.craigslist.org/boa/5909247643.html,
42,,"['29.679254', '-91.285057']",2016-12-07 06:50,"1/4 bottom 3/16 in sides and 1/8 tread plate deck,lots of deck space, can haul a big load on deck, 30 gal fuel and hydraulic steering 2005 yamaha 4 stroke 610 hours and tandem trailer",,5871130831,29.679254,23,-91.285057,,"https://maps.google.com/maps/preview/@29.679254,-91.285057,16z",,$27500,power, (patterson),23ft aluminum cat,https://lakecharles.craigslist.org/boa/5871130831.html,
43,,"['30.322000', '-93.211100']",2016-12-06 21:05,The Jon boat and trailer have papers. I am throwing in everything seen in the boat and trolling motor as well as some seats. The motor is 9.5 hp. Runs great.please call or text at show contact info if interested,,5908776449,30.322000,14,-93.211100,,"https://maps.google.com/maps/preview/@30.322000,-93.211100,16z",,$800,power, (Moss Bluff),14ft Jon boat,https://lakecharles.craigslist.org/boa/5908776449.html,
44,new,,2016-12-05 23:45,"WE CAN GET ANY BOAT TRAILER PART - BELOW RETAIL TORSION AXLE - FIVE YEAR WARRANTY 275.00 14"" 5 LUG TIRES - GALV ON RIM 70.00 CALL TO GET A FREE QUOTE ON BOAT TRAILER PARTS OR A NEW TRAILER WE HAVE NEW, USED, CUSTOM ALUMINUM BOAT TRAILERS WE HAVE A FULL SERVICE REPAIR SHOP AND CAN GET ANY BOAT TRAILER PART WHY BUY A STOCK TRAILER WHEN YOU CAN HAVE A CUSTOM BUILD ALUMINUM TRAILER BUILT FOR BELOW DEALER COST!!! EVERY TRAILER BUILT BY OUR MASTER CRAFT MEN AND BUILT TO THE SPEC OF YOUR BOAT!!! ALUMINUM I-BEAM ALUMINUM CROSS MEMBERS TORSION AXLES LED LIGHTS GUIDE POLES FRONT CENTER BUNKS CUSTOM REAR CYPRESS BUNKS HEAVY DUTY JEEP STYLE WALK ON FENDERS TWO YEAR ROAD SIDE ASSISTANCE ON ALL TIRES CUSTOM BUILT TO SPEC UPGRADES AVAILABLE- NEW SEALED AXLES KODAGUARD BRAKES ALUMINUM RIMS`` ALUMINUM BRACKET CALL DAVID NO MIDDLE MAN INVOLVE SAVE YOU MONEY GREAT SALE FOR THE MONTH OF DECEMBER DAVID KNOWS HIS TRAILERS AND HE WILL SELL YOU THE RIGHT SIZE AND A VERY HONEST PERSON UNLIKE SOME OF SALES PEOPLE . TORSION AXLES, LED LIGHTS, GUIDE POLES, FENDERS, U-BOLTS, COUPLERS, TRAILER TIRES, BUNKS, DISC BRAKES, BRACKETS, SPRING AXLES, SPRINGS, STAINLESS HARDWARE, 6 LUG AXLES, 5 LUG AXLES, 8 LUG AXLES, 14"" 5 LUG TIRES, 15"" 5 LUG TIRES, 15' 6 LUG TIRES, 16"" 6 LUG TIRES, 16"" 8 LUG TIRES.",0,5907394210,,45,,BOAT TRAILERS DIRECT,,BTD,,power,,2017ðŸ‘€ custom built. Aluminum. boat Trailers,https://lakecharles.craigslist.org/bod/5907394210.html,
45,good,"['30.261300', '-93.268800']",2016-12-05 08:00,"I'm selling my 19ft Javelin bass boat with 150 Johnson outboard motor.  The boat is equipped with a 71 lbs. thrust trolling motor with foot motor guide and two depth finders. 2 built in live wells.  All lights, live well and bilge pump works.  Trailer is in good condition and title in hand.",,5906081018,30.261300,19,-93.268800,Javelin,"https://maps.google.com/maps/preview/@30.261300,-93.268800,16z",,$5500,power, (Westlake),2000 Javelin Boat /150 Johnson,https://lakecharles.craigslist.org/boa/5906081018.html,2000
46,good,"['30.219000', '-93.363900']",2016-12-04 22:16,"Wellcraft 250 Coastal Sportsman WA, 8 ft. 3 inches wide with a 2004 Yamaha 200 .about 750 hours on motor. Fuel injected. 2 axil trailer. Runs and looks good. Complete rig for $ 10,500.00",750,5905803363,30.219000,29,-93.363900,Yamaha,"https://maps.google.com/maps/preview/@30.219000,-93.363900,16z",,$10500,power, (Sulphur),Wellcraft 250 Sportsman WA,https://lakecharles.craigslist.org/boa/5905803363.html,2004
47,good,,2016-12-04 16:54,1999 16ft Carolina skiff with 25hp Suzuki. Electric and pull starting. Trolling motor. Stainless steel prop . Console steering.$3000. Price neg.,,5905051676,,16,,Carolina skiff,,,$3000,power, (Lake Charles),Boat/motor,https://lakecharles.craigslist.org/boa/5905051676.html,1999
48,new,"['30.261300', '-93.268800']",2016-12-04 11:20,"Looking for a large anchor to replace your lost one? Then, take a look at the SeaSense Supreme Fluke Style Anchor with exclusive anchor saver retrieval ring and high strength mirror finish stainless steel anchor for boats 14' to 18'. Model SSD-6. Dimensions A = 25"" B = 11-1/2"" C = 9-3/4"" D = 14-1/2"" and the weight is approximately 11 pounds. This is a beautiful anchor that will give you years of great service. If interested, contact Buddy Romo at show contact info I accept text messages too. No emails.",,5864234067,30.261300,25,-93.268800,SeaSense,"https://maps.google.com/maps/preview/@30.261300,-93.268800,16z",SSD-6,$75,human," (Westlake, LA)",New Stainless Steel Large Boat Anchor,https://lakecharles.craigslist.org/boa/5864234067.html,
49,like new,"['29.977000', '-93.962600']",2016-12-02 23:23,"2015 Hurricane FunDeck w/ Yamaha 150 4-Stroke.  This boat is in excellent condition and includes many options such as live well, marine radio system, canopy top, canvas cover, aluminum trailer, fishing chairs, ski tow bar, etc.  We purchased this boat new from a local Yamaha dealer in Beaumont, TX in April 2016.  The boat/motor has 55 hours on it and is still has a lot of manufacturer's warranty remaining.  Never had any issues with this rig.  If you price this boat new you are in the $36K-$37K price range; I am pricing mine to sell.  We are located approximately 35-40 minutes from Lake Charles.",55,5903135399,29.977000,19,-93.962600,Hurricane,"https://maps.google.com/maps/preview/@29.977000,-93.962600,16z",Fun Deck,$29000,power," (Port Neches, TX)",2015 Hurricane Fundeck 198,https://lakecharles.craigslist.org/boa/5903135399.html,2015
50,excellent,"['30.169300', '-93.221800']",2016-12-02 21:01,"P&H Sirius touring/sea fiber glass kayak, 17 feet long, includes skeg, compas, 3 hatches, foot pump, sprayskirt and cockpit cover. Good for mid-size kayaker. In perfect conditions. Yellow top and white hull. Asking $900",,5903074045,30.169300,17,-93.221800,P&H,"https://maps.google.com/maps/preview/@30.169300,-93.221800,16z",Sirius 17 foot,$900,human," (Lake Charles, LA)",P&H touring kayak,https://lakecharles.craigslist.org/boa/5903074045.html,
51,fair,[],2016-12-02 19:20,"Party barge, wet bar 115hp Mercury, 4 stroke",100,5902978371,,32,,Princecraft,https://maps.google.com/?q=loc%3A+Arsene+Le%2EBleu+at+Gulf+Hwy+LAKE+Charles+LA+US,Pontoon,$9500,power," (Lake Charles, La)",2005 pontoon,https://lakecharles.craigslist.org/boa/5902978371.html,2005
52,excellent,"['30.220100', '-92.657400']",2016-12-01 13:03,"04 Nitro LX 700 DC  $7000.00 90 hp Mercury with oil injection removed. 24 V Minnkota Maximum Varible 80 lbs Trolling  Motor  1 yr old 2   Blue top Optima batteries  1 yrs old 1   Marine Everstart 12V  for starting and instruments.  3 yrs old 7"" and 5"" Hummingbird GPS/DI units  7 is 1 yrs old    5 is 2 yrs old SS Apollo XHS 993145 13 x21  plus Alu spare Props Keel guard Easy Step Latter on trailer tounge",00,5900951055,30.220100,17,-92.657400,Nitro,"https://maps.google.com/maps/preview/@30.220100,-92.657400,16z",LX700DC,$7000,power," (Jennings, La)",04 Nitro LX700DC/Merc 90,https://lakecharles.craigslist.org/boa/5900951055.html,2004
53,,,2016-12-01 07:24,16' Bass Tracker with 25hp tiller handle motor. Runs good $1400 obo.  Give me a call and we can go run it.    Call or Text show contact info,,5861633621,,16,,,,,,power,,Aluminum boat,https://lakecharles.craigslist.org/boa/5861633621.html,
54,like new,"['30.228500', '-93.188000']",2016-11-30 22:26,"I am selling a hunter green perception pescador kayak. It's around 12 feet in length and is great on the water. It's a great fishing and recreation kayak with few hours and is in great condition. It has a dry storage in the front, and another storage behind the seat in the back of the boat. It's also got a rod holder and cup holder. I paid over 600 dollars for both the kayak and the oar. The oar is also great and included. I am asking 400 but am willing to negotiate. Contact for more details or interest.",,5900234030,30.228500,10,-93.188000,,"https://maps.google.com/maps/preview/@30.228500,-93.188000,16z",,$400,human, (Lake Charles),Great kayak for sale,https://lakecharles.craigslist.org/boa/5900234030.html,
55,excellent,"['30.228500', '-93.188000']",2016-11-30 22:05,"1962 Higgins Mandalay 18 Antique in Lake Charles, Louisiana Stock #105023 According to the Higgins Boat Club, less than 50 Higgins boats are known to still exist and there are less than 13 of this particular model. These boats were built by Andrew Higgins in New Orleans. Higgins also designed the personnel landing crafts and the PT boats used in WWII. President Eisenhower stated that Higgins boats helped win the war. After the war, the Higgins Corporation built pleasure crafts and yachts until 1964. This beautiful craft is mahogany construction and finished in it's original colors with a silicon bronze bottom job. She was purchased from the original owners and has been meticulously maintained with all service manuals and records as well as the book ""Andrew Jackson Higgins and the Boats that Won WWII."" This details the history of Higgins water crafts. The single 225 hp Graymarine gas engine with Velvet stern drive has less than 200 hours. Seller is a wood boat aficionado and would be willing to trade or partially trade for a larger wood boat, preferably a Chris-Craft. Information On Condition Boat has been restored and meticulously maintained by its current owner, who is only the second. He bought the boat about five years ago and the pride he has taken in her shows! The boat also comes with an original 1965 dual-axle trailer in good condition. Boat has been used mainly in brackish water.",200,5884493753,30.228500,18,-93.188000,Higgins,"https://maps.google.com/maps/preview/@30.228500,-93.188000,16z",Mandalay 18,$22500,power," (Lake Charles, Louisiana)",1962 Higgins Mandalay 18,https://lakecharles.craigslist.org/bod/5884493753.html,1962
56,,"['29.894383', '-90.116386']",2016-11-30 16:59,"2011 Skeeter ZX24V, Powered By Four Stroke Yamaha 250, this boat is professionally outfitted with all of the niche fishing gear that you need to be 100% aware of where the fish are, where your boat is, and real time engine and systems status'. Engine has roughly 400 hrs. Yamaha engine and wave-busting hull performance, the spacious ZX24V is first in its class when fishing open water. Agile enough to navigate shallow inlets, but equipped to handle the bay crossings with comfort, this boat provides plenty of room for family, friends, and all the gear a serious day of fishing Lowrance Sirius XM satellite radio receiver with Sirius XM weather package -Lowrance HDS7 Gen 2 multifunction display unit -Lowrance HDS9 Touch multifunction display unit and Structurescan -Navioncs Platinum Plus Data card with satellite overlay and updatable data for Central Gulf of Mexico -Airmar P66 transducer with water temp. and speed over water -Lowrance Structurescan transducer -Fusion IP600 satellite ready radio -JL Marine M770 Coaxial spekers (pair) -JL Marine 10' subwoofer -JL Marine M600/4 amplifier -Lowrance Sirius Satellite antenna -Minn Kota Precision Digital 4 bank on-board battery charger (purchased this summer) -3 Interstate group 27 marine grade trolling motor batteries (purchased this spring) -1 Optima Blue Top dual purpose house battery group 27 (purchased last year) -Newly installed (this summer) Blue Seas battery switch -Lenco Trim tabs with actuator indicator switch -10' Power Pole Blade edition More pictures and info: http://www.theboatyardinc.com/pre_owned_detail.asp?veh=4639336",400,5879593723,29.894383,24,-90.116386,SKEETER,"https://maps.google.com/maps/preview/@29.894383,-90.116386,16z",24V,$42995,power,,2011 Skeeter 24V Yam 250,https://lakecharles.craigslist.org/bod/5879593723.html,2011
57,like new,"['34.222800', '-77.793200']",2016-11-30 16:32,"PRICE JUST REDUCED!!! PERFECT BOAT FOR AN OFFSHORE ADVENTURE!!! FULLY LOADED!!! REPOWERED IN 2016 w/ NEW TWIN YAMAHA 350 V8 4 STROKE'S!!! EXTENDED WARRANTIES!!! 130 hours!! Options include: Kevlar reinforced hull Hardtop with 8Â rocket launchers Full cockpit enclosure Outriggers Spreader lights fore and aft Garmin color touchscreen GPS Garmin Radar Enclosure for extended seasons Bait prep center with 2 livewells and 2 fishboxes Wide 10'6"" beam for superior stability Sleeps 6 in the upscale cabin Very comfortableÂ interior with full galley Private marine headÂ and shower Flat screen TV Stereo VHF Windlass Heat/AC Hot water Refrigerator Electric range w/ sink COPY AND PASTE LINK FOR VIDEO!!! https://www.youtube.com/watch?v=j5IhbweBKZk Contact Brett for more info and pictures!!!! We take all trades & can assist with financing, insurance, and delivery anywhere in the world!!!!!!",,5899630989,34.222800,30,-77.793200,,"https://maps.google.com/maps/preview/@34.222800,-77.793200,16z",,,power,,VERY NICE Robalo 305,https://lakecharles.craigslist.org/bod/5899630989.html,
58,excellent,"['30.405274', '-86.620331']",2016-11-30 15:01,"This 2013 Coastal Edition pontoon has planing strakes and is in great shape. It's been kept in covered rack storage. It comes with a Yamaha 115, with warranty till May of 2019. It has a stereo, hyd steering, vinyl floors(not carpet), planing strakes, changing/porta-poti area, ski tow bar and cover. If you are looking for a boat that is like new and runs great, here it is. There is No trailer with this boat. We do sell trailers if you need one. Asking $24,900 or make an offer. We Offer Financing!!! Call, text or come in - PLEAS ASK FOR CHARLIE",,5880410757,30.405274,24,-86.620331,Sweetwater,"https://maps.google.com/maps/preview/@30.405274,-86.620331,16z",,,power,,SWEETWATER 2486 W/115 YAM '13 - Priced for Christmas,https://lakecharles.craigslist.org/bod/5880410757.html,
59,excellent,"['30.405126', '-86.623936']",2016-11-30 14:59,"This is a 2008 30 Scarab Tournament, it represents everything Wellcraft perfomance boats stood for: quality, reliability, and legendary performance. The open deck's clean styling offers a wealth of fishing features close at hand: large fore and aft fishboxes, rod holders, and wide-open space to work your catch. Hard-top, cup-holders, grab rails, LP with large live well, Garmin GPS/FF/Radar unit, 2 VHFs, Grand Slam Outriggers and Stereo, enclosed, aluminium trailer. Whether it's serious offshore fishing, or a fun family day cruising, do it in style with the 30 Scarab Tournament, You have tosee it, it will exceed your expectations. Asking $84,900 or make an offer. We Offer Financing!!!! Call, text or come in - ASK FOR CHARLIE",,5880428035,30.405126,30,-86.623936,SCARAB,"https://maps.google.com/maps/preview/@30.405126,-86.623936,16z",30 TOURNAMENT,,power,,SCARAB 30CC '08 W/TWIN YAM 250's - Ready for the water and fishing,https://lakecharles.craigslist.org/bod/5880428035.html,
60,,"['34.172471', '-84.003525']",2016-11-30 12:17,"PRICE REDUCTION!! OWNER WANTS THIS TO BE THE NEXT BOAT SOLD FRESH WATER!!!!!! Incredible 2006 Sea Ray 44 Sedan Bridge. This is a freshwater boat that has been under cover her whole life. Owner pampered this boat and spared no expense and is very meticulous.  There are 565 engine hours and 90 generator hours.  You will not find a cleaner one. You hear it all the time. Some of the options include Bow Thruster, dual navigation, back up camera, washer/dryer, and bow speakers. The canvas is in great shape. The gel coat is like new. OWNER SAYS BRING ALL OFFERS!!!!",,5869891896,34.172471,44,-84.003525,Sea Ray,"https://maps.google.com/maps/preview/@34.172471,-84.003525,16z",44 Sedan Bridge,$299900,power, (Lake Lanier),2006 Sea Ray 44 Sedan Bridge - FRESHWATER!,https://lakecharles.craigslist.org/bod/5869891896.html,2006
61,,"['34.172897', '-84.003353']",2016-11-30 12:11,"Freshwater 2005 Regal 3560 Do not miss your opportunity to own this 2005 Regal 3560, she is actually a 38' boat overall and was named the 3760 the following year. She is in amazing condition and the owner is motivated. She is powered with Volvo 8.1 Gi Inboards with 500 hours of original use. The Kohler generator purrs like a kitten and only has 1100 hours of use. The cabin layout is spacious and accented with polished wood cabinetry and cherry and holly floors. Recessed lighting throughout the cabin emphasizes the richly decorated interior. The queen sized berth in the master stateroom is well arranged and will make for a perfect getaway. The head is well appointed with a sink/vanity area and separate shower. The Galley and Salon are well laid out and makes for easy entertaining when you have guest onboard. The aft sitting area becomes the second stateroom easily when your guests are ready to lay down. Some of the upgrades include: Under Water Lights / Engine Vent Lights New JL Stereo w/ 2 Subs and Light Rings Platform Grill SAT TV",500,5896106640,34.172897,35,-84.003353,Regal,"https://maps.google.com/maps/preview/@34.172897,-84.003353,16z",3560,$104990,power, (Lake Lanier),2005 Regal 3560 - Fresh Water - Just Reduced!,https://lakecharles.craigslist.org/bod/5896106640.html,2005
62,good,"['34.172045', '-84.003525']",2016-11-30 12:08,"FRESH WATER AND UNDER COVER 2006 SEA RAY 300 SUNDANCER WITH TWIN 350 MAG'S NEW JL STEREO WITH SPEAKERS AND AMPS LED LIGHT RINGS 7"" SIMRAD TOUCHSCREEN UPDATED TV'S 32"" IN CABIN 24"" IN COCKPIT Do not miss your opportunity to own a very clean and well maintained 300 Sundancer. Owner is ready for another boat and wants this one gone quickly, no reasonable offer will be turned away. She is powered by Twin MerCruiser 350 MAG's (300HP) which was an upgrade over the standard 5.0 MPI. The engines are barely broken in with only 490 hours, they were just serviced in July 2015. The Kohler generator has barely been used, she only has 220 hours or original usage. Come visit us at our Floating Showroom which is located inside of Holiday Marina on Lake Lanier.",490,5865391870,34.172045,30,-84.003525,Sea Ray,"https://maps.google.com/maps/preview/@34.172045,-84.003525,16z",300 Sundancer,$79990,power, (Lake Lanier),2006 Sea Ray 300 Sundancer,https://lakecharles.craigslist.org/bod/5865391870.html,2006
63,good,,2016-11-30 10:19,"1997 24ft Walk Around Hard Top Model# WAV24 - 2 -150 SaltWater Series Mercury- 480 hrs on motors  - Shore power connection- AC, etc call Chan Perry @ show contact info",480,5899123142,,24,,ROBOLA,,WAV24,$8900,power," (Lafayette, LA)",24ft ROBOLA Walk Around Hard Top,https://lakecharles.craigslist.org/boa/5899123142.html,1997
64,,[],2016-11-29 14:48,Nearly finished must go would like to get more for it. I'm am firm on price. It's 18ft x 40ft 1 bed 1 bath has to be moved from location.,,5898075763,,40,,home made,https://maps.google.com/?q=loc%3A+Goos+ferry+rd+lake+Charles+LA+US,,$8500,human, (Calcasieu river),houseboat,https://lakecharles.craigslist.org/boa/5898075763.html,
65,new,"['43.921900', '-70.449800']",2016-11-29 09:43,"Clearance Priced 2015 COBALT 26SD sport deck bowrider powered with a Volvo 6.0L 380hp and DuoProp outdrive. Includes white folding arch w/bimini, bow and cockpit canvas, Garmin GPS 640 w/maps, premium sound system w/transom remote and speakers, satellite radio, bow and transom showers, fender clips, portal light in head compartment, swim platform transom lighting, transom tilt switch, air compressor, dinette table w/cockpit, bow and sunpad receptacles, Seagrass floor covering, Head w/electric porcelain toilet, LED accent lighting (blue), head compartment sink console, dual batteries w/switch, auto fire extinguisher system, tool kit and trim tabs with indicators and Autoglide. Tahoe Grey interior. Full Warranty",,5859713156,43.921900,26,-70.449800,,"https://maps.google.com/maps/preview/@43.921900,-70.449800,16z",,$90868,power," (RAYMOND, ME.)",Dealer Demo  2015 COBALT 26SD,https://lakecharles.craigslist.org/bod/5859713156.html,
66,new,,2016-11-29 07:12,"2016 Epic 23 S/C w/ Suzuki DF-175 (6 year warranty). Duel Simrad NS7's, Stereo w/ 4 speakers, Atlas Hyd. Jack plate,Lenco trim tabs, underwater light's. Any questions call show contact info",0,5876200487,,23,,Epic,,23 s/c,$39900,sail, (Stuart),2016 Epic 23 S/C,https://lakecharles.craigslist.org/bod/5876200487.html,2016
67,new,,2016-11-29 07:12,"2016 Epic 23 S/C w/ Suzuki DF-175 (6 year warranty). Duel Simrad NS7's, Stereo w/ 4 speakers, Atlas Hyd. Jack plate,Lenco trim tabs, underwater light's. Any questions call show contact info",0,5876198482,,23,,Epic,,23 s/c,$39900,sail, (Stuart),2016 Epic 23 S/C,https://lakecharles.craigslist.org/bod/5876198482.html,2016
68,new,,2016-11-29 07:10,"2016 Epic 23 S/C w/ Suzuki DF-175 (6 year warranty) digital guage. Duel Simrad NS7's, Stereo w/ 4 speakers, Atlas Hyd. Jack plate,Lenco trim tabs, underwater light's . Any questions call show contact info",0,5862719822,,23,,Epic,,23 s/c,$39995,power,,2016 Epic 23 S/C w/ Suzuki DF-175,https://lakecharles.craigslist.org/bod/5862719822.html,2016
69,,"['30.344600', '-92.345900']",2016-11-29 07:03,"Looking for a boat that someone might want to have hauled away for free. You know, that old boat that's an eyesore and has all the grass growing around it. You said you would fix it one day but you know you won't. Why not let someone try to get some use out of it. If you got one you want gone and it has a REASONABLE chance to be fixed and used (and you have some paperwork on it) I'd love to have a look at it. Can't offer money cause these things usually cost more to fix than they are worth but my labor is free so I might want to give it a try. If you're within a 75 mile radius of Rayne, LA and have one do get rid of why not give me a chance. I can be reached on here or by phone or text at show contact info Thanks",,5877173557,30.344600,0,-92.345900,,"https://maps.google.com/maps/preview/@30.344600,-92.345900,16z",,,power,,I WANT YOUR OLD BOAT,https://lakecharles.craigslist.org/boa/5877173557.html,
70,good,"['30.228500', '-93.188000']",2016-11-28 22:41,"I have an 16 x 5 1/2"" weld craft flat boat with a 60 HP vro with a bait well tilt and trim bilge pumps nice fishing boat runs fine no leaks",,5897052939,30.228500,16,-93.188000,,"https://maps.google.com/maps/preview/@30.228500,-93.188000,16z",,$3000,power, (Lake Charles),"flat boat 16"" 60hp",https://lakecharles.craigslist.org/boa/5897052939.html,
71,excellent,[],2016-11-28 19:53,23' Boston whaler conquest 260 hp mercruiser bravo 3 out drive 2008 aluminum tandem trailer 3 hrs on new engine,253,5896888966,,23,,Boston whaler,https://maps.google.com/?q=loc%3A+%39%31%31+n+Tamela+rd+Lake+Charles+LA+US,Conquest,$18000,power,,23' Boston whaler conquest,https://lakecharles.craigslist.org/boa/5896888966.html,
72,,,2016-11-28 17:22,"Tri-Axle aluminum trailer for rent. Maximum carrying capacity 20,000 lbs and will carry up to 40' boat will handle wide loads. Trailer is equipped with torsion axles, large cedar bunks 10' main beam. Trailer bunks are placed for either straight shaft, outdrives or outboard engines. We also offer the necessary straps, jacks, heavy duty receiver hitch and ball among other items that can me rented with trailer. Those who will have wide loads we offer the necessary signs, flags and can assist if you need permits. Since we have a lot of customers from outside the Louisiana area who would like to rent trailer but timing may be a issue to come all the way to us we do offer delivery and pick-up. To delivery and pick up trailer from either the Mississippi welcome center on I-10 in Perlington MS, or Texas travel welcome center in Orange TX, we charge a $200.00 fee. That will cover both delivery and pick-up. We also can provide transportation too. I am licensed USCG Captain with TWIC card. I have ran my own fleet of offshore charters for many years so I am very familiar with vessels and towing of all different sizes and know all the does and don't when it comes to transporting. I take pride in all vessels as if it was my own. Email or call for rates and information two day minimum on rental. Credit cards accepted.",,5886812396,,40,,,,,$1,power, (Lafayette),Tri-Axle Boat Trailer Rental or Boat Transport,https://lakecharles.craigslist.org/bod/5886812396.html,
73,like new,,2016-11-28 15:18,"2014 Bullet 22SF custom build by East Coast Perfection Marine. 2014 Ameritrail tandem axle trailer, torsion axles, LED lights, Powder coated matte black (no brakes) 2013 Mercury Racing 350 SCI Verado, with push button start. Currently 41.7hrs warranty until Jan 16th 2017. This is my personal boat. I bought this boat new hull and trailer only and we went to work. Build to consist of: Custom designed console with built-in insulated cooler C-Zone digital switching system Dual GARMIN 8208 8.4"" color touchscreen units GARMIN GCV 10 SideVu, DownVu with CHIRP GARMIN GSD24 Sounder GARMIN GXM52 Sirius receiver GARMIN B60 Xducer Fusion AV650 with dash remote JL Audio MHD 600/4 Amplifier JL Audio 8.8 Speaker Qty 4 w/ Blue LED back lighting speaker rings Mercury VesselView 4 Livorsi DTS throttles Edson Comfort Grip steering wheel with knob and custom para cord wrap. Blue Seas Breaker panel Deep Blue breaker panel enclosure All compartments contain blue LED lighting OceanLED thru hull flush mount Allure 150XFM Blue lights. Qty 4 OceanLED A16 Pro Extreme Colours (full color change) Qty 3 AGM Batteries Qty 4 Custom battery hold down boxes Stealth 1 AC/DC onboard charging system Custom Bucket seats (FineLine Upholstery) Ultra mini float switches Qty 2 1100 SAHARA GPH bilge pumps located under port and starboard seat compartments Qty2 Tsunami 1200 GPH main bilge pumps Qty 2 Tsunami 500 GPH aerator Qty 1 1600 RULE GPH livewell pump Qty 1 Tsunami 800 GPH backup livewell pump High-speed water pick up Bobs Machine Shop hydraulic jack plate anodized black Power Pole BLADE 8' Power Poles in black Qty 2 Custom Hydrilla Gear Power Pole mounting brackets Hydrilla Gear SS Braodhead Power Pole spike tips MinnKota 112 Fotrex trolling motor hand controlled Deep Blue DogBone trolling motor quick release SeaDek (8mil) padding on deck and in some compartments as well as under some lids. All thru hull and deck drain fittings have been upgraded over standard factory parts. The boat has a 50gal fuel tank.",42,5855251048,,22,,BULLET 22SF,,22SF,$85000,power, (COCONUT CREEK),Bullet 22SF Custom Flats Boat,https://lakecharles.craigslist.org/boa/5855251048.html,2014
74,,,2016-11-28 13:15,Looking to get rid of my Gheenoe classic. Has a 9.9 horse on the back that starts first pull every time. Runs around 20 mph. Perfect boat for hunting or marsh fishing. Drafts in about 5 inches of water. Has seadeck in the inside. Riding on a ez loader trader that is near perfect. Trailer is a 2007 and boat is a 2012. Shoot me a text at 337-5one5-9six4zero for any questions,,5856600952,,154,,,,,$3500,power,,Gheenoe classic,https://lakecharles.craigslist.org/boa/5856600952.html,
75,new,,2016-11-28 11:10,Call Lafayette Power Sports at show contact info ext 415 http://7135.greatboats.net/p/27523278/2/18437956/415 Boat Info Condition : New Boat Details Hull Material : Fiberglass Propulsion Type : Power Boats Inboard Measurements Length : 21.33 Beam : 8.5,,5861385913,,21,,Yamaha,,212X,$46499,power," (Lafayette, LA)",Power Boats Inboard 2014 Yamaha 212X Jet Space Blue,https://lakecharles.craigslist.org/bod/5861385913.html,2014
76,new,,2016-11-28 11:10,Call Lafayette Power Sports at show contact info ext 423 http://7135.app.dx1classifieds.com/v/27523207/2/18437959/423 Info Type : Watercraft Stock # : N/A Details Condition : New Drivetrain Engine Size : 1 Engine Description : 1049,,5861445094,,0,,Yamaha,,V1Â®,,power,,2016 Yamaha V1Â® Versatility 1049cc,https://lakecharles.craigslist.org/bod/5861445094.html,2016
77,new,,2016-11-28 11:10,"2016 YAMAHA FX HOÂ® LUXURY Call Lafayette Power Sports at show contact info ext 431 http://7135.app.dx1classifieds.com/v/27523200/2/18437960/431 Call For Price Description FINANCING AVAILABLE!. An impressive mid-range platform packed with revolutionary technologies, Yamaha Marine engine performance and premium features â€” all at a price that makes it one of the best buys in the industry. Engine: - Fuel Type: Regular unleaded Info Type : Watercraft Stock # : N/A Details Condition : New Drivetrain Engine Size : 1 Engine Description : 1812 2016 YAMAHA FX HOÂ® LUXURY Call Lafayette Power Sports at show contact info ext 431 http://7135.app.dx1classifieds.com/v/27523200/2/18437960/431 Call For Price",,5861463871,,0,,Yamaha,,FX HOÂ®,,power,,2016 Yamaha FX HOÂ® Black Metallic 1812cc Luxury,https://lakecharles.craigslist.org/bod/5861463871.html,2016
78,new,,2016-11-28 11:10,Lafayette Powersports Contact: show contact info ext 436 http://7135.app.dx1classifieds.com/vslp/27523201/2/18437961/436 Info Type : Watercraft Stock # : N/A Details Condition : New Drivetrain Engine Size : 1 Engine Description : 1049,,5861482533,,0,,Yamaha,,VX LimitedÂ®,,power,,2016 Yamaha VX LimitedÂ® Luxury Torch Red Metallic Watercraft,https://lakecharles.craigslist.org/bod/5861482533.html,2016
79,new,,2016-11-28 11:09,Call Lafayette Power Sports at show contact info ext 456 http://7135.watersportsplus.net/l/27523036/2/18437964/456 Boat Info Stock # : YB86 Condition : New Boat Details Hull Material : Fiberglass Propulsion Type : Power Boats Inboard Measurements Length : 19 Beam : 8,,5861540479,,19,,Yamaha,,SX190,,power,,Power Boats Inboard 2015 Yamaha SX190 Bowriders,https://lakecharles.craigslist.org/bod/5861540479.html,2015
80,,,2016-11-28 11:09,Lafayette Powersports Contact: show contact info ext 464 http://7135.app.dx1classifieds.com/vslp/27523279/2/18437966/464 Info Type : Watercraft Stock # : U947 Details Condition : Used Drivetrain Engine Size : 899 Engine Description : 899 Hours : 55,,5861574584,,0,,Sea-Doo,,Sparkâ„¢ 2up 900 H.O. ACEâ„¢,$4995,power," (Lafayette, LA)",Watercraft 2014 Sea-Doo Sparkâ„¢ 2up 900 H.O. ACEâ„¢ 2 Person,https://lakecharles.craigslist.org/bod/5861574584.html,2014
81,,"['36.678717', '-93.388252']",2016-11-28 11:03,"This beautiful 1 owner boat has been the best selling boat under 30 ft for over 11 years. The 287 is a very large vessel with Very low freeboard and tons or storage.  34"" Draft this boat sits deep and takes large chop very nicely. GPS Lenco Trim Tabs Pump Out Porta Potty Dual Wide Helm Seat with Individual Bolster Captains Call Fresh Water boat Mooring Cover 8.2LMag Merc w Bravo 3 1 owner and well maintained Only 149 Hrs Trades Accepted and Financing and Transportation Service available Priced without Trailer. Call for Details Taurean show contact info This guy will fly!!",,5895834705,36.678717,29,-93.388252,,"https://maps.google.com/maps/preview/@36.678717,-93.388252,16z",,$84900,power, (Branson West MO (Table Rock Lake)),2011 Chaparral 287 SSX (Fresh Water boat),https://lakecharles.craigslist.org/bod/5895834705.html,
82,new,[],2016-11-28 10:03,"MSRP: $139,000 For the boater who requires the absolute best.  We have a Brand new 2017 Triton 260 LTS that is fully loaded.  If you demand high quality electronics and a powerful engine then you have found your boat.  You can monitor your engines with the Vessel View 7, and mark your favorite fishing spots with your 12"" Touchscreen GPS Lowrance.   There is nothing this boat can't do. The picture doesn't do it justice.  This is a boat you need  to see in person! 2017 Triton 260 LTS Engine:  350XL Verado 4S Cold Fusion (Highest Upgrade) Featured Upgrades: â€¢	Aluminum I-Beam Trailer w/ upgraded 15"" Carlisle Black Aluminum  wheels â€¢	Lowrance HDS12 Gen 3  (Touchscreen Fishfinder / Chartplotter) â€¢	Vessel View 7 for Mercury Verado â€¢	Fiberglass Hard Top w/ custom Frame o	4 Rod Holders o	Electronics Box w/ Red and White Dome Light o	2 LED spreader Lights o	JBL AM/FM/MP3/ Bluetooth 4 Speakers and PFD Storage o	White powder coating o	2 Tone Pain for Hard Top â€¢	Minnkota Riptide ST112 / I-Pilot 60""/ 36v â€¢	Trolling Motor Plug â€¢	4 Bank Battery Charger â€¢	AGM Battery  1 Exchange (exchange) â€¢	Extra Seat Base Plate at Bow & Stern â€¢	Teleflex Turn signal trim Standard Features: (2017) Specifications: â€¢ Length - 25'5"" â€¢ Beam - 8'6"" â€¢ Horsepower  - 350 â€¢ Approximate Hull Weight - 2650 lbs. â€¢ Transom Height - 25 in â€¢ Dead rise - 15 degree â€¢ Approximate Draft - 13 in â€¢ Approximate Bridge Clearance - 8'2"" Capacities: â€¢ Fuel - 96 gal. â€¢ Aft Live Release Well / Fish Box - 60 gal. â€¢ Baitwell 1 - 25 gal. â€¢ Fish Box/ Storage ( Center Bow 1) - 64 gal. â€¢ Fish Box/ Storage ( Center Bow 2) - 92 gal. â€¢ Persons - 10 â€¢ YETI Ice Chest - 65 qt & 65 qt Hull & Deck: â€¢ 1- 6"" Pull Up Cleat at Bow â€¢ 6 - 6"" Thru-Bolted Stainless Steel Pull Up Cleats â€¢ 4 - Flush Mount Stainless Steel Rod Holders (Rear Gunwales) â€¢ 316 L Stainless Steel Hardware â€¢ 1/2 Swim Platform w/ Fold- down Ladder â€¢ Aluminum Backing Plates Glassed in for Seats, Cleats, Rails, Rod Holders & Tops â€¢ Anchor Locker â€¢ Anchor Tie-Off â€¢ Finished Fiberglass Lids â€¢ High Impact Rub Rail â€¢ High Speed Pick-Ups w/Shut Offs for Wash-down and Live wells â€¢ Stainless Steel Grab Rails â€¢ Stainless Steel Thru Hull Fittings with Reinforced Hose â€¢ Non-Skid Resistant Casting Deck Surfaces & Gunwales â€¢ 4"" Hydraulic Jackplate â€¢ Port Side Rod Tubes â€¢ Colored Hull Side Panel â€¢ Bow Trim Switch â€¢ Custom Stainless Steel Transom Cap â€¢ Easy Access Bilge Compartment with Fiberglass Lid â€¢ Stainless Steel Lid Pistons Console / Helm Area: â€¢ Custom Fiberglass Console with large easy access door and matching 2-tone paint â€¢ Edson Polished Stainless Steel Steering Wheel w/ Power Knob â€¢ 10 Stainless Steel Vertical Console Rod Holders â€¢ USB Port located in Console Storage Box â€¢ Custom Recessed Footrest in Console with Storage box and Easy Access to Master Battery Switch â€¢ Yeti Tundra 65 with Custom Cushion located in front of console â€¢ Yeti Tundra 65 with Custom Triton Seadek pad and mounted on a custom Cooler Slide under Leaning Post â€¢ Color Matched Console and Custom Fiberglass Leaning Post â€¢ LTS Pro Fiberglass Leaning Post with Custom Flip Up Bolster Seating and Backrest with (4) Rod Holders and Stainless Steel Grab Rail â€¢ 12 Volt Accessory Plug â€¢ Custom Aft Bench Seat Cushion â€¢ Electric Horn â€¢ Full Instrumentation â€¢ JBL AM/FM, Bluetooth, and MP3 Port w/ (4) Speakers â€¢ Plexiglass Windshield â€¢ Stainless Steel Console Grab Rail â€¢ Tilt Steering â€¢ Edson Stainless Steel Cup Holder Cockpit: â€¢ 624 qts of Total Storage /Fish Box with Macerator Pump-out â€¢ 4 - Horizontal Rod Racks â€¢ 2 - Lockable Bow Storage Lockers - Rod Storage - Port and Starboard â€¢ 60 gal. Transom Live well with LED Light, 800 gph Aeration Pump and 800 gph Recirculation Pump â€¢ Courtesy Lights ( LED) â€¢ Deck Cover Boards â€¢ LED Lights for Release Well, Bait Well, and Compartment Light Package â€¢ Raw Water Wash-down Station Conveniently Located inside Front Deck Step Compartment â€¢ Removable Rear Deck Backrest with Custom Seat Cushion â€¢ Stainless Steel Lid-Latches with Stainless Steel Striker Plates â€¢ Self-bailing Cockpit with Non- Skid â€¢ Voyager Compass Boat Systems: â€¢ 4 gpm Raw Water Wash-down Pump â€¢ 60 gal. Aerated Live/ Release Well w/ 1100 gph Aerator Pump and 800 gph Recirc Pump â€¢ 25 gal. Baitwell w/800 gph Aerator & 800 gph Recirculation pumps â€¢ 2- 1500gph bilge pumps (1 Auto & 1 Manual) â€¢ 6 Gauge Trolling Motor Wiring Harness â€¢ Battery Switch â€¢ Circuit Breaker Protected Wiring â€¢ Electric Trim Tabs w/ Indicators â€¢ LED Navigation lights and Bow Lights Flush Mounted in Deck â€¢ Outboard Motor Factory Installed â€¢ Stainless Steel Prop â€¢ Cranking Battery â€¢ Military Spec. Waterproof Switches with Waterproof Stainless Steel Blue LED Indicator Lights Construction: â€¢ Limited Lifetime Hull Warranty â€¢ 3 Year Ltd. Component Warranty â€¢ 100% Composite Uni-body Construction-No Wood! â€¢ 100% Hand-Laid Hull â€¢ Basic Floatation â€¢ Full Width Tri-Core Composite Transom â€¢ Plumbing Systems Tank Tested â€¢ Premium Gelcoat w/ UV Inhibitors â€¢ Zero Flex Fully Foamed Stringer Grid System For more information or pictures please call sales at Holiday RV & Marine in Key Largo show contact info ext. 1",0,5865315029,,26,,Triton,https://maps.google.com/?q=loc%3A+%31%30%30%30%39%39+Overseas+Hwy+Key+Largo+LA+US,260 LTS PRO,$99780,power, (South Florida),"2017 Triton 260 LTS PRO Bay Boat FULLY LOADED!  12"" Touchscreen GPS",https://lakecharles.craigslist.org/bod/5865315029.html,2017
83,,"['33.068300', '-96.239100']",2016-11-28 09:50,Nice trailers Quality built. 18-20' single  axle  1945 Tandem 2245 21' 2445 22'-24' 2845. Larger available  please call  with  weight  of  boat show contact info,,5877818242,33.068300,1,-96.239100,,"https://maps.google.com/maps/preview/@33.068300,-96.239100,16z",,,human,,quality built boat trailers,https://lakecharles.craigslist.org/bod/5877818242.html,
84,new,,2016-11-27 23:27,"WHOLESALE PRICES 2017 aluminum boat trailers custom made to your boat . BUILT IN JUST 3 HRS. TRAILERS WILL BE SET UP TO YOUR BOAT WO ANY WORK FROM YOU. AXLES ARE POSITIONED TO THE CENTER GRAVITY OF YOUR BOAT. WE BEND THE I-BEAMS ACCORDINGLY AND CUT THE BUNKS TO THE RIGHT ANGLES. JUST NEED MAKE MODEL YEAR O RUST PROOF!!!!!! EACH TRAILER GETS FREE GIDE POLES WITH IT DEPENDING ON THE GVW price varies FROM 2800 GVW TO 24000 GVW The lowest prices ever bc I am in the factory selling straight to you. SINGLE AXLES TANDEM AXLES TRI AXLES QUAD AXLES GOOSNECK OPTIONS ON ALL TRAILERS Our standard trailer is the competitions upgrades... WE ARE THE TRI AXLE HEADQUARTERS UP TO 50 FT LED lights torsion axles 2 speed winch stainless hardware 3 year warranty roadside assistance walk on fenders No middle man we are factory!!! Make your self feel good and get a new o Catamaran trailers call So many cool options Salt water brakes, electric brakes, hydro brakes all Kodiak disc MAG WHEELS 10 to choose from 35 YEARS BUILDING HERE TO HELP GET THE RIGHT TRAILER FOR YOUR MONEY FOR THE LOWEST POSSIBLE PRICE CALL OR TEXT DAVID NOW TRI AXLE BOAT TRAILER  TANDEM TRAILER DUAL AXLE  SINGLE AXLE  BOATS",,5891196618,,45,,,,,,human,,BOAT   TRAILERS   DISCOUNTED,https://lakecharles.craigslist.org/bod/5891196618.html,
85,,,2016-11-27 09:06,anchoring pins /mounts custom push pole brackets clamp-on consoles /anchoring mounts custom made tiller extensions all custom fab. rod racks push pole holders / brackets troller/ anchoring arms go to >> www.anytide.com,,5894249959,,23,,,,,,power,,custom poling gear,https://lakecharles.craigslist.org/bod/5894249959.html,
86,,,2016-11-27 08:25,full custom fab. -anchoring mounts/ pins -clamp-on gear troller / anchoring arms 360' push pole brackets / holders custom made tiller extensions -poling gear -any profile -any application rod racks/ consoles go to >>>   http://shallowwatersolutions.com/,,5863674683,,23,,,,,,power,,custom skiff gear,https://lakecharles.craigslist.org/bod/5863674683.html,
87,new,"['30.440400', '-88.780100']",2016-11-26 08:34,"New MasterCraft NXT22 with a Ilmor 5000MPI VD 1.57 motor and Galvanized Trailer , Advance Audio Package , Convience Package , Dual Batt Switch , Fiberglass Swim Platform , NXT Surf Package , Sport handling Package , Tower Speaker Pre Rig , Are you ready to SURF? WakeBoard?SKI? This boat does it all!! Call for Pricing. Contact show contact info Rob Pond show contact info Email show contact info Chaparral , Sportsman , Epic , Barracuda , Alumacraft , Bennington , Hurricane , Triton , Yamaha , Mercury , Honda , Mercruiser , center console , open fisherman , side console , bay boat , offshore fishing , pontoon , party barge , bass boat , sport boat , fish and ski , Masters , Heritage , flats boat , deck boat , LTS , H2O , Sunesta , SSI , SSX , Vortex , Bayliner , Sundance , Carolina Skiff , Sun Tracker , Tracker , Tracker Marine , Nautic Star , Key West , Blazer Bay , Sea Chaser , Sea Fox , Sea Hunt , Express , Xpress , G3 , GIII , Glasstream , Stingray , Four Winns , Regal , Sea Ray , bowrider , ski boat , jet boat , Blue Wave , Shearwater , Pathfinder , Ranger , Skeeter , Cape Horn , Southwind , Sailfish , Robalo , South Bay , Harris , Cypress Cay , Sea Pro , deep V , tournament , Pascagoula , Mobile , Daphne , Fairhope , Moss Point , Vancleave , Hurley , Ocean Springs , St. Martin , Biloxi , D'Iberville , Gulfport , Lyman , Saucier , McHenry , Wiggins , Hattiesburg , Laurel , Ellisville , Meridian , Jackson , Madison , Brandon , Poplarville , Columbia , Purvis , Picayune , Carriere , Slidell , Louisiana , Alabama , Mississippi , New Orleans , Metairie , Mandeville , Covington , Natchez , Woodville , Foley , Gulf Shores , Grand Bay , Gautier , Diamondhead , Bay St. Louis , Long Beach , Destin , Mary Esther , FT Walton beach , Kiln , Delisle , Pearlington , Chalmette , Houma , Memphis , Columbus , Oxford , Southaven , Batesville , Collins , Pearl , Ridgeland , Richton , Starkville , Greenville , Vicksburg , Baton Rouge , Zachary , Cobia , Maverick , Blackjack , Black Jack , Pioneer , Kenner , K2 , Hydra Sports , Hydrasport , Hydra Sport , Cobalt , Mako , family , island , inshore , bayou , river , lake , bream , bass , catfish , crab , speckled trout , redfish , crappie , sheepshead , flounder , shark , lemonfish , Pensacola , Navarre , Cantonment , Fort Morgan , Orange Beach , Theodore , Bayou La Batre , Bay Minette , Dauphin Island , Evinrude , Suzuki , Volvo Penta , Key West Boats , Edgewater Boats",0,5850331856,30.440400,22,-88.780100,MasterCraft,"https://maps.google.com/maps/preview/@30.440400,-88.780100,16z",NXT22,,power,,MasterCraft NXT22 (2017),https://lakecharles.craigslist.org/bod/5850331856.html,2017
88,good,"['30.460700', '-92.869300']",2016-11-25 15:22,"1999 Yamaha Exciter Jet Boat. Fast and Fun! New battery and fuel pump. Comes with skis, tube, and 4 life jackets. $6,000.00 OBO Must sell",1000,5854549969,30.460700,17,-92.869300,Yamaha,"https://maps.google.com/maps/preview/@30.460700,-92.869300,16z",Exciter 135,$6000,power,,Jet boat,https://lakecharles.craigslist.org/boa/5854549969.html,1999
89,,"['30.441100', '-95.709700']",2016-11-25 11:34,"Bass Tracker ProCrappie 175 Boat 17' 4"" All-Weld. All-Aluminum 50 hp Mercury Motor Trailer with Fold Away Tongue Power Tilt/Trim MotorGuide Pro Series Trolling Motor Low range Mark-5x Pro Depth Finder Rod Holders One owner Low hours Anchor Drive on Trailer Super Clean! Can take on lake if serious buyer!",,5891723247,30.441100,17,-95.709700,,"https://maps.google.com/maps/preview/@30.441100,-95.709700,16z",,$8100,power," (Montgomery, Texas)",2008 Bass Tracker ProCrappie 175 Boat & Motor,https://lakecharles.craigslist.org/bod/5891723247.html,
90,,,2016-11-25 02:54,"Certified marine mechanic and Waverunner/jetski mechanic, I can repair any outboard, inboard/outboard, jet ski, fuel systems, electrical diagnostics, i also Install electronics, fish finders,gps, you can reach me at show contact info",,5891262213,,21,,,,,,power,,Certified marine mec??nico,https://lakecharles.craigslist.org/boa/5891262213.html,
91,like new,,2016-11-23 20:31,"2013 Tahoe fish and ski walk true window inboard v6. Engine has less than 30 hours and it will come with tubes, skis, pull ropes, trolling motor, depth finder, all safety equipment including life jackets. Boat had new batteries and has been well kept. Moaring cover, Bimini top and also has a folding tongue for storage. 2 inch ball all led lights. Must see to appreciate. Call today for a test ride. show contact info I will also consider trades for Harley Davidson Street glide or ultra classic at the same value. One again call or text show contact info",29,5890129871,,185,,Tracker Marine,,Tahoe Q4,$15500,power, (Sulphur),2013 Tahoe with lots if extras,https://lakecharles.craigslist.org/boa/5890129871.html,2013
92,excellent,[],2016-11-23 18:24,"2003 Bay Liner Clean interior and strong haul, motor runs beautifully. Trailer is in good shape, everything works. Just looking for a bigger boat. Asking $4200 or best offer",,5890075043,,19,,2003 Bay Liner,https://maps.google.com/?q=loc%3A+%32%37%33%35+Sam+Houston+Parkway+Moss+Bluff+LA+US,,$4200,power, (Moss Bluff),2003 Bay Liner,https://lakecharles.craigslist.org/boa/5890075043.html,2003
93,excellent,,2016-11-23 18:08,"1987 SeaRay 410 Aft Cabin Motor Yacht.  Twin 3208 -- 375 HP Cats w/1,600 hours.  8KW Westerbeke Generator.  2 Staterooms, 2 Vacuflush heads (aft head with full tub and shower), galley, dinette & salon. Washer dryer, icemaker, 2 TV's w/ DVDs, stereo, central vac system and new refrigerator.  Garmin GPS, radar, auto-pilot, VHF.   Full enclosure, dock boarding ladder with handrail.  Halon fire suppression system, 35 lb Danforth anchor with 200' chain.  14' beam, 36"" draft.  400 gal fuel, 125 gal water, 60 gal holding tank.  Spare props and seawater pump.  Ready for extended cruising or liveaboard.",1600,5890059973,,41,,SeaRay,,410 Aft Cabin,$75000,power, (Lake Charles),1987 41' SeaRay Aft Cabin,https://lakecharles.craigslist.org/boa/5890059973.html,1987
94,,"['30.441100', '-95.709700']",2016-11-23 16:08,"Bass Tracker ProCrappie 175 Boat 17' 4"" All-Weld. All-Aluminum 50 hp Mercury Motor Trailer with Fold Away Tongue Power Tilt/Trim MotorGuide Pro Series Trolling Motor Low range Mark-5x Pro Depth Finder Rod Holders One owner Low hours Anchor Drive on Trailer This boat is priced to sell! Motor just serviced and ready to go! Super Clean! Can take on lake if serious buyer!",,5889924632,30.441100,17,-95.709700,,"https://maps.google.com/maps/preview/@30.441100,-95.709700,16z",,$8100,power," (Montgomery, Texas)",2008 Bass Tracker ProCrappie 175 Boat & Motor,https://lakecharles.craigslist.org/bod/5889924632.html,
95,,"['30.692039', '-88.033393']",2016-11-22 15:16,"2015 Yamaha electric start (40hrs) Motor still under warranty for another 2 years/warranty is transferable to new owner. Express Cypress Boat Led nav light Camo Light bar Trailer is in mint condition practically brand new. This boat front to back is ready to go. Everything is done to a T Mercury, Yamaha , mud motor, Honda , Suzuki, camo, tahatsu,",40,5888443889,30.692039,15,-88.033393,,"https://maps.google.com/maps/preview/@30.692039,-88.033393,16z",,,power,,Express duck boat 2015 Yamaha 25,https://lakecharles.craigslist.org/boa/5888443889.html,
96,,"['30.184300', '-92.049700']",2016-11-22 04:54,"06yr . 16ft , blue wave bay boat. 60hp, 2 stroke. oil injec. 70lb trolling motor. TEXT ONLY  at Vincent , 337356251 five.",,5887606152,30.184300,16,-92.049700,,"https://maps.google.com/maps/preview/@30.184300,-92.049700,16z",,$6500,power, (lafayette),2006 blue wave bay boat,https://lakecharles.craigslist.org/boa/5887606152.html,
97,,"['42.559200', '-83.002900']",2016-11-21 16:48,"2016 NauticStar 224XTS powered with a Yamaha 250HP SHO VMAX Fourstroke outboard. Huge deck with a ton of fishing features. Stainless Steel Prop: Lean Post with Flip Up Bolster: Powder Coat Seating Upgrade (Black): Bike Seat and Pro Pole: (2) 4x8 Seat Bases: Infinity Stereo with Bluetooth: Reverse Hull Color Upgrade, Grey Upholstery Bring home the trophies in the NauticBay 224 XTS. Tournament ready and loaded with standard features, the 224 XTS leads the pack in serious competition bay boats. Extreme fishability, extreme comfort and extreme performance is what the XTS is all about. The 224XTS is loaded with fishing and comfort features including the STAR Performance System: Shallow water draft for skinny water fishing Tournament ready with 2 tournament livewells and rod storage up to 28 rods Acceleration due to the planing pods and air assist chine Ride utilizing the sharp entry Vee hull forward Trailer is not included but one can be purchased. Financing Available! Will Ship Antwhere!",,5886977653,42.559200,21,-83.002900,NauticStar,"https://maps.google.com/maps/preview/@42.559200,-83.002900,16z",224XTS,$43999,power,,2016 NauticStar 224XTS Bay Fishing Boat,https://lakecharles.craigslist.org/boa/5886977653.html,2016
98,new,,2016-11-21 16:05,"Our Metal Combo Units are built with high quality steel components that are long lasting, strong, and durable. A Metal Combo Unit will outlast and endure the elements much longer than wood or canvas ones, and stay looking like new for many years to come. Many states & cities require building certification. We can install this Regular Style Metal Combo Unit to your level ground or existing concrete slab. Certified to 110 MPH Wind Speed & 20 PSF Snow Load with the Standard 14 Gauge Steel Frame, & 120 MPH - 30 PSF with the Optional 12 Gauge Heavy Duty Steel Frame, if properly anchored to a suitable surface. We offer up to 150 MPH Wind Speed & 65 PSF Snow Load Certification for an additional charge if needed. Comes with a 20 Year Limited Rust Thru Warranty on Roof, & a 30 Day Workmanship Warranty on Installation. No need for you to leave your home or office. Order today online. You will only pay a 12% partial payment when you order, depending on final sales price. Balance and your sales tax is not paid until installation is complete, and you are satisfied with the product and installation. If you are looking to protect your car, recreational vehicle, boat, farm equipment, or anything else which needs protection from the harsh outdoor elements, then our wide selection of rugged, all-steel structures and steel buildings are the perfect solution. Small charge for engineering plans if needed. Certification is based on concrete installation with a proper footing or use of optional ground installation anchors to a suitable surface. Optional braces are required for 9' to 12' legs. https://www.metalcarportdepotllc.com/Metal-Combo-Unit-18-x-31-x-6-Regular-Style-p/csrs18x31x6ad.htm Call us Monday To Saturday 8:30 AM To 7:00 PM Central Time at show contact info for quotes in other states or assistance with your order. The Regular Style Combo Unit, (Standard Rolled-Corner Type), the combo unit comes with the Standard Horizontal Roof. The Roof Panels run parallel to the side of the combo unit. Consider the addition of gable ends to your combo unit, it makes the combo unit stronger and it also has a much nicer curb appeal. You can also add panels down the open sides to keep the blowing rain off of your vehicles or equipment, windows, walk-in doors, extra bracing, ground installation anchors, and more above while ordering. You should also consider purchasing additional leg height for more clearance. Call us for quotes on additional leg height. We can also build custom configurations according to your needs and specifications. Call us Monday To Saturday 8:30 AM To 7:00 PM Central Time at show contact info for quotes in other states or assistance with your order. Get A New 18' Wide x 31' Long Regular Style Combo Unit With 29 Gauge Horizontal Steel Roof for just $2,650.00 plus tax, Installed. Price includes one 8' x 7' roll-up door, 10' enclosed storage, 14 gauge frame, two 2' braces, and one center brace on every bow. Approximate center height is 9'. https://www.metalcarportdepotllc.com/Metal-Combo-Unit-18-x-31-x-6-Regular-Style-p/csrs18x31x6ad.htm Free installation and anchoring to your level ground, asphalt, or concrete slab*. Plus local sales tax only. what Behold I, un Romainsen alles Beholdis,identique,",,5863364545,,0,,Eagle,,18x31x6 Combo Unit,$2650,human, (State Of LA),-- + 18' x 20' Metal Boat Cover With 18' x 10' Enclosed Storage Unit  &!,https://lakecharles.craigslist.org/bod/5863364545.html,
99,,"['34.830500', '-87.656000']",2016-11-21 08:57,We offer high quality products at great prices with a great warranty. Please check out our website for our full line of products. Thanks for your interest.,,5844298755,34.830500,19,-87.656000,,"https://maps.google.com/maps/preview/@34.830500,-87.656000,16z",,$70,power, (AL),VORTEX BOAT COVERS - BIMINI TOPS AND MORE,https://lakecharles.craigslist.org/bod/5844298755.html,
