,condition,date,description,engine hours (total),id,length overall (LOA),make / manufacturer,model name / number,price,propulsion type,region,title,url,year manufactured
0,fair,2016-12-11 16:17,"Winter is coming and the Caribbean is the perfect getaway destination to escape the cold. After 25 years of fun in the sun, it's time for someone younger to take over my boat. Planning on retiring from crewed charter business soon, I am selling my sailing yacht Jeanneau Sun Odyssey 42'. Great and ready as a live aboard boat. Sleeps 7 in 3 cabins and offers 2 bathrooms. Great galley with large stove. Cold refrigerator with freezer compartment. New house batteries. New battery charger. Inverter. If you want to go cruising, you'll need new sails, anti-fouling and electronics. Easy to sail short handed with in mast roller furling main sail and self tailing winches. Original engine in working condition. No engine hours available. No dinghy. No survey. German flag. Priced to sell. Sold as is. Located in Hurricane safe slip at Tropical Marina in St. Thomas.",,5877525164,42,Jeanneau,Sun Odyssey 42,$44900,sail, (St.Thomas),One Owner Jeanneau 42' for sale,https://virgin.craigslist.org/boa/5877525164.html,1991
1,excellent,2016-12-11 13:18,"Available January 1st. This Pursuit C310 is the perfect sized boat for charters, off-shore fishing, or long trips to Puerto Rico or St. Croix. From our slip we can get to Virgin Gorda in 50min, Jost in 25min, and St. John in 10. The dock slip at American Yacht Harbor(Red Hook) is paid through January 24th so if you buy this perfect boat for Christmas in the best dock on St. Thomas all you have to pay for is water through the holidays. Commercial insurance can be transferred if you are ready for charter. New Type II life jackets on board ready for charter. Every compartment of the boat was recently cleaned including the perfectly labeled bilge/electrical area. The boat has been dry-docked for the past 4 years but now lives in the water so it can be used any time day or night. Our slip is perfect for afternoon rides to Cruz Bay St. John for happy hour. Working GPS, navigation lights, and spotlights make navigating in the dark safe and easy. Bran new working lines that match the interior. Perfect white cushions stored below deck with snaps for easy cleaning. Adjustable bucket seats that prop you up above the windscreen for visibility in high waves. Working automatic head really comes in handy when you need it! Working GPS and sonar with huge displays. Working live-well, big fish boxes, and 16 rod-holders are perfect for fishing the drop. A Fold down stern seat offers the most stable seat in the house or fold it up when you are fighting fish. Working trim tabs for balance and fuel economy. Bluetooth radio with JL-audio speakers installed by certified JL dealer. Working windlass with 2 control points: one at the helm and one at the bow via remote control! Many bells and whistles you must see for yourself. I'm a St. Thomas local that owns a respectable business on island so please treat this listing with respect and only respond with serious inquiries. I'm willing to share my recent appraisal of the vessel which validates my asking price so there is little reason to lower my price. Absolutely no owner financing. No installment payments. I will not respond to lowball offers. Cash Only. NO TRAILER. Twin Yamaha F-250HP Max Speed: 40kts LOA 31' 2"" Beam: 9'6"" Hull Draft Motors Up:1'10"" Hull Draft Motors Down: 2'8"" Approx. Dry Weight: 8600lbs Fresh Water Capacity: 20gal Fuel Capacity: 260gal (2 tanks) Holding Tank Capacity: 20gal Livewell Capacity: 52gal Deadrise: 24 degrees",650,5914893911,31,Pursuit,C310,$98900,power, (St. Thomas),Sexy Blue 2006 31' Pursuit with Twin 250s,https://virgin.craigslist.org/boa/5914893911.html,2006
2,excellent,2016-12-11 12:29,"This boat has been well maintained by owners and excellent documentation exists for the majority of upgrades and repairs dating back to 1995. For more pictures see: www.nataniasailing.com SPECIFICATIONS: Hull: Make and Model: Beneteau Oceanis 440 Designer: Bruce Farr Year Built: 1995 Hull Material: fiberglass. Cleaned and waxed March 2014. Hull #: 01440851444016508099. United States Coast Guard Registered Vessel. LOA: 43 ft. 8 in. Beam: 14 ft. Maximum Draft: 5 ft. 9 in. Displacement: 20,500 lbs. Ballast: 7,055 lbs. Keel Type: Fin Anti-fouling history: Nov. 2016: Micron 66 paint. March 2014: Sanded to epoxy coating layer. Primed with Interlux Primocon. Applied Micron 66 ablative (soft) paint; 2 coats on all areas; 5 coats on tiller and keel. 3 coats on waterline. November 2012: Peeled and did osmosis treatment with epoxy resin coating. Painted with Seahawk Island 77 hard paint in Trinidad. Diesel Engine: Make and Model: Yanmar, 4 JH2E 4 cylinder freshwater cooled, 56 Horsepower. Year Built: 1995 Alternator sheave: 2.75 inches, engine sheave 5.0 inches Propulsion: 3 blade fixed. Cutlass bearing replaced on November 2012. Engine Alarms: Water temp, Oil pressure warning lights. Fuel Filter and Raw sea water strainer. Transmission: Kanzaki KBW20 Interiors: Cabins: 4 total; 2 forward and 2 aft. Parallel layout for forward cabins and aft cabins. Heads: 2 with showers. New toilets installed in 2013. Galley: on port side Stove and Oven: Plastimo 4500 using propane or butane. Installed new in May 2013. 2 aluminum propane tanks new from 2013. Pressure gauge new from 2014. Stainless steel sinks: double layout. Manual saltwater pump for galley sinks installed new in 2013. Pressurized freshwater for galley and heads with filter for galley valve. Refrigeration: freezer and refrigerator driven from engine cooled via cold plate. New compressor in June 2015; system serviced then too. Ventilation: all cabins and main saloon have high-efficiency multi-speed fans. Lights: all lights in the interior have been replaced with high-efficiency LEDs; ceiling LEDs for cabins and saloon and reading LED lights for cabins. All are new from early 2015. Water heater tank: 6 gallon capacity. stainless steel. New in April 2015. Saloon Table: sanded and re-furnished in 2014. Cabin exterior walls and closet exterior walls painted in 2014 and 2015. Electrical Systems: 110 AC shore power. New 30 amp cable in 2014. 12 volts DC with panel. New breaker LEDs bulbs replaced Dec 2014. House battery capacity: 3 deep cycle Trojan SCS 225 batteries rated at 130 amps hours each for a total of 390 amps hours. All new in March 2016. Engine battery: 1 Interstate Deep Cycle battery. New in June 2015. Electronics and Navigation: Compass: 3 total; 1 cockpit manual, 1 electronic in GPS, 1 electronic in autopilot. Wind: wind direction indicator on top of masthead. VHF: 1 Standard Horizon GX2150 with AIS as main station (new 2012), 1 handheld VHF Standard Horizon with GPS connected to AIS in main station (new Dec 2014). External remote VHF Standard Horizon Remote microphone RAM3 at cockpit with full functionality. External Standard Horizon 10 watts marine VHF speaker. All these new in Dec. 2014. VHF antenna: Mertz sailboat model with lifetime warranty installed at masthead; new Dec 2014. All new gold plated connectors at antenna and VHF main station. New RG-58x coax cable run with no cuts in between. Tested to 30-40+ nautical mile range. GPS: 1 NAVMAN 5500i Chart-plotter with updated charts in 2013 for Mediterranean to Azores, U.S.A. East Coast and Caribbean. Autopilot: Raymarine ST6002 Depth Sounder: Raymarine ST40 Marine Stereo: Dual band radio, CD, ipod. Installed new 2012. Marine grade speakers. Navigation Lights: Dual red-green bow LEDs, white stern LEDs. All new in Dec. 2014. Anchor Light: AquaSignal programmable multi-function LED. New Dec 2014 Steaming and Deck Light: AquaSignal Series 41LEDs. New in Oct 2016. Cockpit Lights: multi-switch for LED lights for red or white. Also, red LEDs for instrument panel. All new Dec 2014. Interior red or white LED lights designed for night navigation. Barometer: brass manual. Wireless and Ethernet long range antenna. New 2014. Sails: Main: In-mast roller furling with Doyle sail in good condition with telltales installed. Sail about 7 years old. Genoa: Pro-Furl with 130% sail with new sun protection strip added in 2012. Spinnaker: BM Sails. Luff = 60'8""; Leech = 57'8"" Sail angle on the head = 80 degrees; 1.5 oz. weight on fabric Storm sail: Foot= 10'2"", Luff=19'2"", Leech=14'6"" Others: Extra Main Johnson Sails. Foot = 16'3"", Luff = 47'0"" and Leech = 45'6."" Tanks: Fuel: 1 stainless steel 52.6 gallons (200 liters). Pulled out and cleaned Fall 2013. Freshwater: 3 tanks for a total capacity of 206 gallons (785 liters); port and starboard tanks 67 gallons each (255 liters), bow tank 72 gallons (275 liters). Anchor and Rode Specs: Bow: CQR 35 lbs. anchor: 125 ft. of chain, 100 ft. of line. Secondary Bow: Delta 44 lbs. with chain and 122 ft. of line. Electric windlass in bow compartment. Stern: Danforth type with chain and line. Standing Rigging: All inspected in December 2014 and found in good condition. Mast: Z-Spars aluminum keel stepped. Backstay: double backstays installed new in 2012. Winches: 2 Lewmar Evo 54 Stainless steel 2 speed; 2 Lewmar Evo 40 Stainless steel 2 speed. Running Rigging: Head Sail: Head sail furling line: 10 mm (ca. 3/8"") New England Sta set blue color (Dacron double parallel core) with 93 ft. in length. New installation in 11/2014. Head sail sheets: 15 mm braided with 42 ft. in length. Main Sail: Main sail outhaul line: 10mm (ca. 3/8"") New England Sta-set blue color. New installation in 7/2014. Main sail furling line: 8mm New England Sta set (Dacron double parallel core) red color. New installation in 7/2014. Spinnaker Sail: 2nd halyard: 12 mm (ca. 1/2"") New England VPC red fleck (core of blended Vectran and polyolefin with a polyester cover) with 109 feet. Installed new on 11-2014. Sheets: 1 line at 3/8"" with 54 ft. in length white color, 1 line at 3/8"" with 84 ft. in length white color with blue stain. Deck: Material: fiberglass. Swim Platform: stainless steel ladder with new steps. Opening portholes: 5 on each side. Hull port glasses: 4 on each side. Deck hatches: 6 total; 3 forward hatches Lewmar Ocean Trim. New in 2013. Cockpit Cooler: located on table console additional insulation added in 2014. Bimini Top Canvas: new in 2013. Dodger Canvas: Owner custom designed Sunbrella Pacific Blue which integrates life preservers under canvas. New in March 2015. Dinghy motor davit: new line installed March 2015. Lifelines: all stainless steel. Sunbrella Pacific Blue canvas covering from front shrouds to dodger for shade while at anchor. New in Feb. 2015. Safety Equipment: Fire Extinguishers: 3 Fire Blanquet: 1 Life Preservers: 10 Man-over-board pole: 1 Man-over-board life preservers: 2 Life raft: 6 person Plastimo Trans Ocean, re-certified in May 2013. Sunbella Pacific Blue canvas cover in Feb. 2015. Emergency Tiller. EPIRB: ACR Global Fix Pro. New in 2012. Horns: manual and compressed gas. Flares: Orion kit. New 2015. Manual bilge pump in cockpit. Carbon Monoxide alarm: 1 in galley area, new Fall 2014. Gas alarm: 1 in galley area. Detects propane and natural gas. New Fall 2014. Other Equipment: Dock lines: new 2014. Fenders: 6 with canvas covers. Covers new in Feb. 2015. Dinghy: 11 ft. inflatable AB AL320. New Sunbrella Pacific Blue canvas cover February 2015. Dinghy Motor: Tohatsu 18 hp with gas can. Sunbrella Pacific Blue canvas cover new 2015. BBQ: Magma portable with rail mount, propane gas operated. Flag Halyards: port and starboard sides. New in 2014. Miscellaneous cleaners, spare parts for engines and other areas. Due to spam, I only respond to emails which appear legitimate. If interested please email.  Thank you.",,5893365197,44,Beneteau,Oceanis 440,$88500,sail,,Beneteau 44' Oceanis Year 1995,https://virgin.craigslist.org/boa/5893365197.html,1995
3,,2016-12-11 11:21,"High styled inboard powered jet-drive inflatable. Built with safe, side by side sensible seating. It has plenty of power and only weighs about 500lbs which makes it ideal for a great yacht tender. The RIB 10 JET  is truly a versatile, family watercraft perfect for any occasion",,5914774140,12,,,$6500,power, (St Thomas),NAUTICA RIB 10 JET,https://virgin.craigslist.org/boa/5914774140.html,
4,,2016-12-11 10:39,"51  Morgan outisland, 1979. Perkins (6-354). All Roller furling  rigg, Nice boat, $75,000.00 obo Capt Burt.",234,5903020938,51,"51,morgan",Outisland,$75000,sail, (Coconut Grove),51 Morgan outisland,https://virgin.craigslist.org/boa/5903020938.html,1979
5,good,2016-12-11 09:39,"Need to sell. Taking offers..... 2011 Sea Hunt Escape 207 LE 2011 Yamaha 150 4-stroke  (1000+ hrs) 2014 Continental tandem axle trailer Nice Boat.  Runs Great.  Great on fuel.  Length 20'7"",   Wide Beam 8'3"" , Deep gunnels for a dry ride. Combo type boat with pleanty of seating and built in cooler for cruising, rod holders and live well for fishing, gas sipping 4 stroke for island hopping. Swim platforms and fold down ladder make for easy reboarding after snorkeling. 60 gal gas tank, bottom painted July 2016. Annual engine maintenance Oct 2016, bimini top, hydraulic steering, ski pole for towing, live well, porta potty, dual batteries with on/off switch, raw water wash down, boarding ladder, stern swim platforms, lots of seating with cushions, passenger side lounge, plenty of storage, built in cooler, 4 speaker stereo with aux input. Life Jackets, anchor, lines, and fenders included. Rated for 7 people. We made comfortable trips with 2 -- 5 people on board to Jost Van Dyke, Tortola, Norman Island, St. John and Culebra as well as several circumnavigations of St. Thomas. Contact Info: show contact info Asking $22,000.  Need to sell...  Make an offer...",,5914682156,21,Sea Hunt,Escape 207 LE,$22000,power, (St. Thomas-Water Island),2011 Sea Hunt 207 Escape LE,https://virgin.craigslist.org/boa/5914682156.html,2011
6,fair,2016-12-10 09:35,"Have a 1979 hunter 27 sloop for sale in great Cruz bay, st John. Clean, 6' head clearance, all fiber glass, no rain leaks. Have dinghy, kayak, new hinging outboard bracket for transom, new fuel tank and hose. Needs work but it's a great cheap live aboard now",0,5913377973,27,Hunter marine,Sloop,$1600,sail," (Great Cruz bay, st John)","1979 Hunter 27 sloop in great Cruz bay, St John",https://virgin.craigslist.org/boa/5913377973.html,1979
7,good,2016-12-10 08:34,"Great boat for a sailor / craftsman looking for a project boat. Good solid hull and lots of potential to be a blue water sailor. Smooth running 4-108 Perkins diesel (low hours after overhaul...runs strong), new head in 2015, 300 watts solar panels, newly upholstered interior, new forward chain plate, some new running rigging and other rigging professionally checked two years ago and in good condition. New cabin sole, rebuilt sea hood, life lines replaced 3 years ago. Refurbished staysail boom. Three sails and sail covers in good condition. New bottom paint, the boat is hauled out every year for several months. Refrigeration and stove included. Decks, trim, hatches all need TLC. Boat is currently actively sailing, in the water on St. John, USVI. Great live-aboard. MUST SEE! No reasonable offer refused. This boat has everything functional but needs some TLC.. Owners are getting into their 60's and can not give it the attention it deserves... We sail her often but having trouble keeping up with maintenance. More photos available upon request, Text or call the phone number listed or email me directly with your email address. Reasonable offers encouraged.",,5913336245,37,Tayana,,$25000,sail," (St John, USVI)","37' Tayana sailboat MKII, 1978",https://virgin.craigslist.org/boa/5913336245.html,1978
8,new,2016-12-10 07:13,Make the holiday special with a new Gheenoe boat. In stock we have 4 15'4ft and 1 13ft. don't wait . show contact info IF YOU NEEDED SHIPPED NO PROBLEM  .....,,5889141714,15,Gheenoe,classic,,power,,NEW GHEENOES,https://virgin.craigslist.org/boa/5889141714.html,2017
9,,2016-12-09 17:14,I'm looking for a small inflatable dinghy. Could be up to 10'. With our without motor is fine. Let me know what you have!,,5912684865,8,ANY,Any,,power,,WTB 8-10' dinghy,https://virgin.craigslist.org/boa/5912684865.html,
10,good,2016-12-09 11:01,"Selling a well conditioned 22' Proline powerboat. Small cabin, perfect for island hopping or day trips.  Comes with a trailer for easy access to and from the water. Recently serviced:: *2006* 175hp Mercury Verado 4-stroke engine, running great. Won't last long.",,5912069441,22,ProLine,,$12500,power," (Coral Bay, STJ)",22' Proline w/ 175hp Mercury Verado **TRAILER INCLUDED**,https://virgin.craigslist.org/boa/5912069441.html,1994
11,good,2016-12-09 10:55,Hi We are selling our successful day sailing and snorkeling business located in St. Thomas VI. Great income with room for growth....survey and more information upon request,,5912062750,37,,,$65000,sail, (st thomas VI),Day-Sailing Business & Tartan 37,https://virgin.craigslist.org/boa/5912062750.html,
12,good,2016-12-09 10:12,"I'm looking to buy a well taken care of inflatable dinghy in the 10 foot or so range. 9' would work, and could probably make 11' or 12' work. Outboard needs to be reliable. Text me with what you have and price. If it's not on St Thomas, or in the Red Hook area, we may be able to make arrangements. Thanks!",,5912008952,10,inflatable,dinghy,$1,power, (St Thomas - Red Hook),Wanted - inflatable dinghy,https://virgin.craigslist.org/boa/5912008952.html,
13,,2016-12-09 07:58,"For sell 55' Aluminum Mast out of 50' catamaran / cut in three pieces ... two 24' length great beams, too build a big beach cat with ...$500 .. call show contact info",,5869876696,55,,,$500,sail, (ST. John),55' Aluminum Mast for a 50' cateraman,https://virgin.craigslist.org/boa/5869876696.html,
14,,2016-12-09 05:42,"Spinlock tiller extension that extends 24"" to 36"".  Round grip plastic handle .  Like new. Model E-900S",,5911862635,36,,,$35,sail, (STX),Spinlock Tiller Extension for sale,https://virgin.craigslist.org/boa/5911862635.html,
15,new,2016-12-08 18:49,"Web Spot Boat Wash Down System , $800 New / Never Used. Great to wash down boat, NO SPOTS!! Will sell for $500 firm Call Ted At show contact info $800 on amazon and other site:  Will sell for $500  firm Wet Spot Plus by Wet Spot Price:	$722.38 + $60 shipping",0,5911397692,36,Wet Spot,Extra Large,$500,human, (St John),Soft Spot Boat Wash Down System,https://virgin.craigslist.org/boa/5911397692.html,2016
16,excellent,2016-12-08 18:42,"We can also help you charter this boat . 43 Ft Chris Craft Roamer  2004 m/y USCG Documented vessel, well maintained. Self-contained excellent live aboard boat  Update electronics and controls, Fusion sound 10 speaker system, water maker, solar panels many updates. All new Seat and Enclosures Capt Ted Prosser See more at www.bluemysticcharters.com. Dimensions LOA: 43 ft 0 in Beam: 14 ft 0 in Maximum Draft: 3 ft 2 in Dry Weight: 27000 lbs Engines Two (2) Total Power: 880 HP Engine 1: Engine Brand: Yanmar Year Built: 2004 Engine Model: 440 Engine/Fuel Type: diesel Engine Power: 440 HP Cruising Speed: 20 knots Maximum Speed: 25 knots Tanks Fresh Water Tanks: (95 Gallons) Fuel Tanks: (400 Gallons) Holding Tanks: (35 Gallons) Accommodations Number of cabins: 2 Number of heads: 2 Watermaker and Generator Solar Panels",789,5911362251,43,Chris Craft,2004 Roamer 43,$215000,power," (St John, USVI)",Charter Boat Chris Craft 2004  / St John,https://virgin.craigslist.org/boa/5911362251.html,
17,excellent,2016-12-08 18:28,"43 Ft Chris Craft Roamer  2004 m/y Coast Guard Documented vessel, well maintained. Self-contained excellent live aboard boat  Update electronics and controls, Fusion sound 10 speaker system, water maker, solar panels many updates. New seat , enclosure ! Capt Ted Prosser See more at www.bluemysticcharters.com. Dimensions LOA: 43 ft 0 in Beam: 14 ft 0 in Maximum Draft: 3 ft 2 in Dry Weight: 27000 lbs Engines Two (2) Total Power: 880 HP Engine 1: Engine Brand: Yanmar Year Built: 2004 Engine Model: 440 Engine/Fuel Type: diesel Engine Power: 440 HP Cruising Speed: 20 knots Maximum Speed: 25 knots Tanks Fresh Water Tanks: (95 Gallons) Fuel Tanks: (400 Gallons) Holding Tanks: (35 Gallons) Accommodations Number of cabins: 2 Number of heads: 2 Watermaker and Generator Solar Panels",789,5911368995,43,Chris Craft,2004 Roamer 43,$215000,power," (St John, USVI)",Chris Craft 2004  St John,https://virgin.craigslist.org/boa/5911368995.html,
18,excellent,2016-12-08 18:27,"43 Ft Chris Craft Roamer  2004 m/y Coast Guard Documented vessel, well maintained. Self-contained excellent live aboard boat  Update electronics and controls, Fusion sound 10 speaker system, water maker, solar panels many updates. New seat , enclosure ! Capt Ted Prosser See more at www.bluemysticcharters.com. Dimensions LOA: 43 ft 0 in Beam: 14 ft 0 in Maximum Draft: 3 ft 2 in Dry Weight: 27000 lbs Engines Two (2) Total Power: 880 HP Engine 1: Engine Brand: Yanmar Year Built: 2004 Engine Model: 440 Engine/Fuel Type: diesel Engine Power: 440 HP Cruising Speed: 20 knots Maximum Speed: 25 knots Tanks Fresh Water Tanks: (95 Gallons) Fuel Tanks: (400 Gallons) Holding Tanks: (35 Gallons) Accommodations Number of cabins: 2 Number of heads: 2 Watermaker and Generator Solar Panels",789,5911367796,43,Chris Craft,2004 Roamer 43,$215000,power," (St John, USVI)",Chris Craft 2004  St John,https://virgin.craigslist.org/boa/5911367796.html,
19,good,2016-12-08 14:54,"1996 19' Bayliner walk around cuddy cabin. Has a 2003 Johnson 150hp with very low hours. Motor has been completely gone through, tuned up, and runs excellent. Many new parts, bilge pumps, dual batteries, fuel/water separator, rod holders, vhf marine radio (solar powered), bimini top, has bracket for small kicker motor, bottom is freshly painted. VRO is disconnected and pre-mix fuel/oil. Comes with trailer that has new hubs/bearings and bunks. Great boat to run around with to Buck, fishing/diving etc. Reduced Priced by 2K  for quick sale. Call show contact info",,5897694380,19,Bayliner,Trophy,$9500,power, (STX),Bayliner Trophy Boat,https://virgin.craigslist.org/boa/5897694380.html,1996
20,,2016-12-08 10:15,"Laser sailboat hull and dolly great learner or 1st boat to get into sailing, this boat needs mast ,sail ,and rudder ,and lines .",,5910598945,14,,,$300,sail, (st croix),Laser  sailboat hull  and dolly,https://virgin.craigslist.org/boa/5910598945.html,
21,,2016-12-08 09:26,"re certified in 2015 75 & 68 man lifeboats with dual starting systems and 80hp engine, fiberglass hull, great for conversions into live aboard, fishing boat, ferryboat, dive boat, whale watching boat. Boats are in perfect working order with current certification.",,5910511824,34,,,$5000,power, (gulf of mexico),75 & 68 man lifeboats,https://virgin.craigslist.org/boa/5910511824.html,
22,good,2016-12-08 09:12,"40 Ft charter catamaran actively being used to take daysail snorkel trips. Boat comes with all safety and snorkel gear.  Coast guard certified and inspected for 33 passengers and 2 crew.  All paperwork is current. 40hp yamaha, electric head, stereo and chart plotter.",,5892246619,40,,,$95000,sail, (St. Thomas),Charter catamaran for sale,https://virgin.craigslist.org/boa/5892246619.html,1980
23,good,2016-12-08 07:20,"Cal 27' located on a permanent mooring. The boat is in generally good condition and currently sailed on a regular basis. Set up as a live aboard with head and holding tank, solar panel, led lights and good fans. New North mainsail, good ground tackle, large awning, new standing rigging. Comes with Tortola skiff as a dinghy. Last hauled out 8 months ago, clean bottom! Boat is ready to sail, and be lived on.",,5910481039,27,Cal yachts,Cal 272,$10000,sail, (St John),Cal 27 on St John,https://virgin.craigslist.org/boa/5910481039.html,1978
24,excellent,2016-12-08 05:53,"I have a turn key ready 1989 O'Day 322 with new (and 2nd set) sails, new auto pilot, chart plotter, 44# Rocna anchor, bottom paint, etc. I started in Florida six months ago and am in the BVI now but will need to head home soon. She's solid and proven and has a closing door on the aft berth, nice for a guest. I've had an adventure, hope someone else can do the same, and am only asking what I have in her, $24,000. 32' long. 4 1/2' draft. 10 1/2 beam. Includes dinghy and outboard. Message me if you'd like more info and pictures",1000,5910450192,32,O'Day,322,$24000,sail, (St. Thomas),1989 O'Day 322,https://virgin.craigslist.org/boa/5910450192.html,1989
25,,2016-12-07 22:37,"Many upgrades, text me for details. show contact info",,5883908942,41,Gulfstar,center cockpit ketch,$15000,sail, (STJ),41' Gulfstar,https://virgin.craigslist.org/boa/5883908942.html,1974
26,fair,2016-12-07 18:32,40 ft endeavor Rough shape but could make a great live aboard with some work .I dont have time to finish it . It is a total project boat. Boat has a working head. The electrical and plumbing need to be re-done.,,5909953540,40,Endeavor,,$3000,sail,,40ft endeavor,https://virgin.craigslist.org/boa/5909953540.html,1985
27,excellent,2016-12-07 08:26,"Price drop from $219,000 Currently cruising between the US  and BVI's ; can be viewed in St Croix USVI. Classic 1985 uniquely designed with an impressive 24' beam. Huge flybridge, cockpit and foredeck for family & friends. New Yanmar engines and gears w/only 400 hours!. Reduced from $295,000 to $219,00 and now just dropped to $189,000 by motivated owner. New bottom paint, zinc's and wetted surface survey (Feb.2016). The survey was conducted visually by sounding--""Hulls are in generally good overall condition""--- (No blisters, de-laminations no issues). Don't let the age fool you. This is a well maintained vintage vessel, far superior to many newer cheaper made vessels that won't hold up like this beauty has over time. This yacht is becoming ""timeless"" and increasingly more sought after for the purist cruiser. Has never been chartered ; properly maintained the value of this boat will not continue to depreciate but will increase. Rock solid and of stout construction , handles heavy sea-ways with ease, safety and comfort. Professionally installed cost of NEW engines is over $90,000. The pilot-house salon (16' x 16') has an incredible 360 degree panoramic view. Teak and holly soles thru-out. Galley is 10' x 5' w/ 14' of counters. Throughout the interior, rich teak wall coverings and joinery are featured (no plastic). The master and guest forward cabins have walk around queen-sized beds (NO CRAWLING AROUND IN A V-BERTH) . Both aft queen cabins are spacious. Sleeps 10. The 13'x 20' solid foredeck (w/ 5 huge lockers) is accessed by 2.5' wide walk-arounds. The 9' x 15' cockpit has 26' of continuous cushioned seating shaded by a hard-top/sundeck. The stern has twin 4'x5' swim platforms. The impressive enclosed flybridge has built in cushioned seating for 10 never leaving the Captain out of all the fun. A few specs: Dual Helms, 24' extra wide beam, 3.5' draft, 2 X 110 HP turbo diesel Yanmar 4JH4-HTE (new in 2012 W/ 400 hrs), 15 KW Westerbeke genset w/ 1950 hrs, 2 Heads, Fuel: 400 GAL. Water 200 GAL. A/C thruout. Economical using only 2.8 gals/hr for both engines @ cruising speed of 9 knots= 1,400 mile range. Call for inventory. Thanks for looking, Captain Norm. show contact info owner. SPECIFICATIONS Yacht Name: L A D Y JASMYN Year Built/Model Yr.: Vintage 1985 L.O.A: 46'00"" Model: LOGICAL 46........ 6' 9"" + headroom thru out and fully air conditioned Builder: C&C LOGICAL USD($) Price: $ 189,000 Location: Currently in St. Croix, USVI 00820 Beam: 24' !!!! Draft Min/Max: 3'6"" Displacement: 26,000 LBS. Engine(s): 2 X 110 HP Yanmar 4JH4-HTE INBOARD (new 2012 w/ 400hrs) Staterooms: 1 MASTER CABIN/ 3 GUEST CABINS Heads: 2 HEADS (area available for 3rd head with plumbing in place) Fuel Capacity 2 X 200 GAL. Fresh Water Cap. 2 X 100 GAL. L.W.L:42' Holding Tank 75 GAL Designer: T. COMPTON SPECIFICATIONS FLY BRIDGE: Helm chair and cover Windshield Upper helm station Compass Engine controls Radar arch New Autopilot control, depth finder, VHF radio, GPS, hailer Bimini top w/ zippered isinglass weather resistant enclosure Seat cushions and carpeting ELECTRONICS and NAVIGATION: Icom 700 SS HF radio with antenna tuner and 23' HF antenna 2 VHF radios with separate antennas Faruno Radar 2 compasses 2 Rudder angle indicators 12 volt cassette stereo with salon speakers Ray marine Depth sounder Garmin GPS Ray Marine 6001 hydraulic autopilot with hand held Remote walk-around unit Raytheon 400 Hailer Brass Clock, Barometer, and Bell MECHANICAL & ELECTRICAL: 2 x 110 HP Yanmar 4JH4-HTE turbo-diesel engines and gears, March 2012 w/approx 400 hours New Yanmar Engine Controls and Instruments at both helm stations 2 newYanmar gears 2 engine starting batteries Flexible engine mounts Racor 500 fuel filters for each propulsion engine with shut-off valves Genset fuel feed valves from Port Fuel tank with Racors Wagner hydraulic steering with two helm stations and dual hydraulic cylinders Provisions for emergency steering using either one of the two hydraulic cylinders Norcold AC/DC Refrigerator/Freezer Built in Ice Box 8 cu ft 22"" x 14 x 1 1/2"" 3 blade bronze prop wheels Seaward Princess Electric Cook Stove with Oven and broiler Microwave Oven U-Line ice maker Two 17 Gallon Hot water heaters Full A/C with 3 Marine Air Conditioning heat pumps (may need Freon) 3000 watt 120 volt inverter with automatic battery charger Westerbeke 15 KW generator set, 1995 w/approx 2000 hrs Gen-set has lead lined sound enclosure 1 Genset starting battery 2 x 8D House Batteries 4 automatic bilge pumps Two Freshwater pumps Two seawater pumps for heat pumps 240 volt shore power isolation transformers Electrical Breaker and meter panels 75 gal Holding tank with full indicator light 2 electric toilets 2 shower drain sump pumps DECK and HULLS: Twenty Beckson opening ports Two Bomar front stateroom overhead hatches Fully rigid foredeck with 5 Lewmar front deck hatches for 5 very large self-draining storage lockers Eight 10"" Mooring cleats SS stanchions and rails with dual lifelines Two freshwater tank deck fills Two Fuel tank deck fills Holding tank sea drain valve and dock pump out fitting SS safety rails either side of main companionway Two bow anchor rollers 50# Danforth anchor, and 20# lunch hook. All with anchor rodes Ideal electric forward and reverse windlass with 135' 3/8 chain w/ remote on deck foot switch Ideal chain locker covers Assorted Dock lines and 8 fenders Coast Guard safety package w/ 20+ life jackets Freshwater wash-down system, 2 Transom swim platform underwater Blue LED lites Ventilation provided by 34 operable hatches and ports OTHER: Assorted Flags Decks protected by double lifelines. Black rubber rub rails surrounds and protects the entire boat Bottom of the hull skegs with cutouts provide protection for the props and skeg hung rudders NEW SS pipe davits on transom for dingy with 6-purchase pulleys Many upgrades too numerous to list Large compliment of spare parts and hardware Hook-ups for washer and dryer Builder's comments: This Cat has dodged the draft. Each of the incredibly buoyant hulls have a mere 3'3"" draft . And that gives you more than speed. It also lets you go into shallow water safely. So it's easy to beach the boat for on shore recreation, painting or repairs. Auxiliary twin diesels give you power plus maneuverability with one engine in each hull, 20 feet apart, you can ""spin on a dime"". This cat also give you more stability- lots more. With twin hulls, rock and roll is gone to stay and heeling is practically non-existent - a mere 19 degrees. All in all, much safer and saner than conventional boats. Smoother cruising ( without bouncing around) brings other benefits in addition to safety When coupled with the Cat's wide, flat working platform it means that fishing, even just walking around, is far less dangerous, strenuous and fatiguing. So at day's end you're not too tired to enjoy a good meal. (Which, by the way, is much easier to prepare, serve, and eat with no rock, roll or heel.) An important feature is that the main salon has 6'9"" head room and throughout the rest of the vessel the head room is 6'6"" Driven by new ( March 2012) twin 110 Horsepower Turbo Diesels ( 400 hours ), will go along at 9- 10 knots... And the twin hulls give you remarkable stability and maneuverability. What's more, this Cat uses less fuel than other power boats their size and larger. Will consume approximately 50% of the fuel of a similar sized monohull yet cruise twice as far. Uses 1.4 gals/ hour for each engine @ cruising speed of 9 knots. That gives a cruising range of 1,400 miles. Of course, for economy or in an emergency the catamaran will run on one engine and still give you total control. This cat has many other advantages over conventional boats but the one most .people appreciate is the incomparable flying bridge. Like every other area on the Cat, the bridge is big-10 feet wide by 12 feet long, with a complement of waterproof molded bench seats with cushions provides additional seating for 10 guests. It gives you the sun, a commanding view of the sea, and the certainty that the captain will be in on all the fun. â—¦do NOT contact me with unsolicited services or offers",400,5886093953,46,C & C Logical,24' extra wide beam,$189000,power, (St Croix USVI),46' power catamaran New price drop!,https://virgin.craigslist.org/boa/5886093953.html,1985
28,excellent,2016-12-07 07:40,for sale atoll43 year 1999 polyester monohull specially built for charter in tropiques whith 4 double cabin and a huge cokpit completely cover with a panoramic view 360 engine 63hp 5 cyl nanni diesel 2600 hours,2600,5909022623,43,dufour,atoll43,$90000,sail, (guadeloupe),atoll43,https://virgin.craigslist.org/boa/5909022623.html,1999
29,like new,2016-12-07 02:35,"Less than 1 year old, it works great, we're replacing it with the same model only we needed a 115volt model. This unit is a 230v, 60Hz. Our solar panels can not generate 230v load. This unit new is $1459.00 plus $450. shipping. ISOTHERM  Model # 14995526 | Mfg # 5S21A12A00000 Stainless Steel Clear Ice Maker, AC 230V/60Hz There's no need to head to the marina for ice again! This ice maker is a spray-type model that makes 40 pounds of crystal-clear ice per day. Designed to work in a mobile environment, it produces barrel-shaped clear ice that is a dense, slow-melting ice. The insulated bin holds 9lb. of ice, which is always a loose ice that's easy to scoop out and will never freeze into a lump like conventional, white crescent-shaped ice makers. Because of this, the Clear Ice Maker requires a drain. Garden hose connection and 1/2"" drain hose included. Opens upward. AC (230V/60Hz) Makes 40lb. of clear ice a day--holds 9lb. Draw: 3.5A @ 230V Weight: 62lb. Specs Stainless Steel Clear Ice Maker, AC 230V/60Hz Amperage	1.4 Amps at 230 Volts ISO Approved	CE Capacity	Makes up to 40 Pounds Per 24 Hours Case Material	Stainless Steel Dimensions	14"" Width x 23"" Height x 16"" Depth Door	Front Loading Power Supply	230 Volts AC/60Hz",,5908900019,50,Isotherm,Mfg # 5S21A12A00000,$900,sail, (Saint Thomas),Marine Ice Maker,https://virgin.craigslist.org/boa/5908900019.html,
30,,2016-12-06 21:05,"Are you looking for someone reliable, responsible, and experienced to help take care of your boat?  Over 20 years local experience.  References available on request.  Reply to this ad, or call 340-998-193seven.",,5908652407,30,,,,power,,Boat Caretaker,https://virgin.craigslist.org/boa/5908652407.html,
31,good,2016-12-06 12:26,"37' Islander made in California is for sale at 12,000 firm. It has a mooring ball that I rent for 150 a month in Cruz Bay. This boat is a project boat that I dont have the time to finish. I just completed the inside with new cushions and I am in the process of replacing the head liner with wood. To complete the project, she needs an engine, flooring, painting and finish replacing the port windows. She is a beauty, come visit",0,5907809849,37,Islander,nc,$12000,sail, (st John),37' Islander..1967,https://virgin.craigslist.org/boa/5907809849.html,1967
32,good,2016-12-06 09:06,"Up for sale is my CS 44 from CS Yachts Limited. This yacht features a Kevlar composite hull with balsa core decks. Perfect for day charters or live a board with her 2 cabins and spacious common area.  Yet her racing lines paired with racing equipment will drive you to smoke the competition NO TRADES NO CERTIFIED CHEQUES NO FINANCING The yacht has been rebuilt from the ground up!   I'm now down to the finer details (aesthetics) and UPGRADES! Optional work to be completed: main salon headliner + aft cabin headliner recondition cabin sole throughout auto-pilot install sail pack instrumentation install (wind direction & speed) Radar install dodger frame and canvas bottom paint exterior hull paint & graphics Water maker install Dinghybdavitts install ================================================================= Engine: Rebuild Perkins M-4108 Diesel Engine  (52 hours) - new alternator - new belts - new raw water pump - new starter - new fuel filter - new raccor 500 Fuel/water seperator - new tachometer with hour meter - new ignition, start/stop switch Galley: 4 burner oven + stove 10lbs fiberous propane tank 2 burner Stainless steel BBQ grill (camping style with folding legs) blender, toaster, electric heating element, dishware, flatware, pots, skillets, Ceramic top counters, Stainless Steel back splash, kitchen utensils, BBQ utensils, napkins, paper towels... everything! 3x seperate compartments for refrigeration (ice cubes or ice blocks) Live aboard: beach towels, large towels, face cloths, dish cloths, bed linen, pillows, upholstery cover ups Aft Cabin has a double & 1/4 birth bed, sink, manual pump out head, bath tub with standup shower Fwd V-birth has double bed, sink, electric head, standup shower Security equipment life jackets  lots! Flares Smoke Grenade Whistle Throwing floatation MOB Sling + floatation Air horn All equipment USCG certified Navigation / Electronics: Standard horizon gx2150 VHF + AIS Generic VHF (spare) Lorance Mark 4 hdi with chart plotter/ fish finder / depth / GPS USB High Power GPS puck for computer Dinghy: 11FT AB Dinghy 25hp johnson 2 stroke (2004) 6hp Mercury outboard (1998) 12lbs fluke anchor 5lbs stern umbrella anchore 6gal Fuel tank bailing manual cylinder pump Standing rigging new Hood Systems SeaFurl 5 325  roller furling (2015) new halyards throughout new SS shrouds, turnbuckles, northmans fitting new babystay, forestay, backstay chain plates in excellent condition new sheet lines (2015) new blocks & tackle (2015) rebuilt hydraulic boom bang bosum chair harness Anchoring: Neilsson 3000 Electric Windlass main anchor 45lbs CQR anchor with 235ft of chain 50lbs fluke style anchor with rope rode 44 lbs fluke galvanized with bent shank (spare) Electrical: Entec West 4.2kw Diesel GenSet 5000W Powerjack inverter/ 80amp Charger 6x 6v 235AH golf cart batteries 12v  500CCA starting battery Morningstar MPPT 60 Solar Controller. Generic Solar controller (windlass battery bank) 600w of solar panels Cruise Air 15,000BTU Air Conditioning (110v) Kool Front Ice cube maker (110v) Magic Chef 4.4cu fridge with small freezer bay 12Gal hot water tank (110v) AM/FM/CD/MP3 audio 1000 Watt Sub-woofer 2000 Watt monoblock amplifier 2x 12 colour remote LED light strip 10x LED ceiling lights 6x halogen ceiling lights 30 amp 3 bank shore power charger digital volt/amp gauges digital fuel & water gauges rebuilt electrical panel Sails: light air spiniker sail + sail bag 8oz dacron main sail + sail bag Kevlar Genoa + sail bag (needs to be patched) Small bimini top Other: Various fenders Extra lines 50ft 35amp shore power cable 2500GPH automatic bilge pump 1000 GPH aft tub grey water bilge pump Heavyduty dinghy davits (not installed) 30gph water maker (various parts not installed) Dimensions: Loa 44.2 ft Beam:  13.5 ft draft 8ft-2"" Asking $75,00 USD OBO",40,5879224092,44,Canadian Sailcraft,CS44,$65000,sail, (St. Thomas),CS 44 Racing/Cruiser  Kevlar Hull,https://virgin.craigslist.org/boa/5879224092.html,1985
33,,2016-12-06 07:57,"looking for a mooring 40' in great cruz bay, as close to the westin as possible. thanks",,5904662977,1,,,,sail,,mooring WANTED Great Cruz Bay STJ,https://virgin.craigslist.org/boa/5904662977.html,
34,,2016-12-06 06:43,"Buying a boat? Insuring a boat? Purchasing a boat is a very important decision. With all the changing regulations in building, environmental and Coast Guard standards, it is hard for an individual to keep up on them. Most qualified surveyors are required to keep up with those changes. Make sure you hire a knowledgeable surveyor who can write the survey you need. I offer competitive rates and a high work ethic. Contact me for your next Pre-Purchase or Insurance survey. I offer Captain and Consulting services also.",,5867577631,1,,,,human,,Marine Surveyor,https://virgin.craigslist.org/boa/5867577631.html,
35,new,2016-12-05 13:30,"1974 Westsail 32 Solid boat, rebuilt perkins 4-108, rigging good ,main and jib , ,needs paint and work, call  for details. Comes with a mooring in salt river show contact info",,5894628101,32,westsail,32,$7500,sail, (st Croix),westsail 32 sailboat,https://virgin.craigslist.org/boa/5894628101.html,1974
36,,2016-12-05 13:26,"18 ' dory can be sail , motor or rowed , excellent vessel just refurbished ,  classic design , built in cooler hull completely gone over ,mast step rebuilt, ,centerboard removed pin checked ,new shims and installed   ,new wood where needed ,new wood rail ,mahogany , new bow eye and  front insert for clete, new grudgon and pintel,new stainless screws and bolts ,everywhere, polyurethane topsides paint, easypoxy interior, Americoat 3 bottom paint,all wood coated in cetol,call for info, 340 277 991",,5894644006,18,,,,power,,18 ' dory,https://virgin.craigslist.org/boa/5894644006.html,
37,new,2016-12-05 09:36,7 ft tender   with oars for sale can hold a small outboard can come painted or not  price negotiable  made from marine ply  fiberglass cloth and epoxy  . can deliver on island,,5906056682,7,phil,,$800,human, (st.thomas),7 ft tender,https://virgin.craigslist.org/boa/5906056682.html,2016
38,good,2016-12-04 20:52,"5 HP MARINER OUTBOARD OIN GOOD CONDITION FOR SALE.COMES WITH IT OWN AND AN EXTERNAL TANK.HAD LITTLE USE,MOSTLY IN STORAGE.",50,5876846558,5,MARINER,,$550,power, (BVI),5 HP MARINER OUTBOARD FOR SALE,https://virgin.craigslist.org/boa/5876846558.html,
39,,2016-12-04 15:34,"May extras, Has main Sail, on Mooring In Coral Bay Must sell.",,5905204380,25,hunter,,$4200,sail, (Coral Bay),1982 Hunter Boxtop Sailboat,https://virgin.craigslist.org/boa/5905204380.html,1982
40,salvage,2016-12-04 12:49,This has been in the yard it is gutted tottom needs to be finished,1000,5904935131,42,Bristal,trawler,$6000,power, (cash),1970 Bristal Trawler,https://virgin.craigslist.org/boa/5904935131.html,1970
41,excellent,2016-12-04 08:30,"Now Renting a 15ft. Edgewater Runabout.   $200.00 per day.  40 HP Yamaha 4 Stroke. Has Bimini Top. Seating for 6 .  Fore and Aft anchors for beach excursion. Rear Ladder for easy access.  30 Qt. Cooler 12 gal Fuel capacity.    Fenders for Docking.   I will launch you and pick you up .   Krum Bay, Frenchtown, Vessup Beach, and Hull Bay. Safe , Reliable, and fun to ride to wherever you like.   I can also ferry you to Hassle Island or Water Island .   Responsible and fun applicants need apply.    Refundable Paypal Deposit of $350.00 required to hold the date and time you need.  Rent for more than a day?  10% off your second day.. Get off the beaten track and make your own waves. Book in advance to ensure your date and my availability. ASK ABOUT VEHICLE RENTAL TOO!",,5904700572,15,Edgewater,,$200,power, (STT/STJ),15ft. Boat Rental  40 HP 4 Stroke.,https://virgin.craigslist.org/boa/5904700572.html,2003
42,excellent,2016-12-03 20:35,"We are selling our 3 person resort submarine well below cost.  If you were to buy one of these submarines today it would be in the range of 65,000 to 75,000 for the submarine itself, and this one comes with custom trailer, scuba tanks, regs, dive computer, fish finder, etc.  This is a must see...You won't find this kind of deal again. At 7 mph underwater this baby was made for treasure hunting. We want to sell this submarine to someone who will put it to good use.  The submarine is located in Rapid City, SD.  Please no emails, if interested call Jim @ six 0 five - five seven 4 - nine 4 seven 1",,5904330772,12,Homemade,,$40000,power," (Rapid City, SD)",3 Person Submarine,https://virgin.craigslist.org/boa/5904330772.html,2000
43,,2016-12-03 10:24,Sail boat on st Thomas.,,5903433250,1,,,$1500,sail,,Small sail boat. 1500,https://virgin.craigslist.org/boa/5903433250.html,
44,new,2016-12-02 13:56,Brand New Yamaha 6 HP  4 stroke  never used !  NEVER EVEN BEEN IN THE WATER !!! Purchased New in STT  $2200.00 $500.00  DISCOUNT ! Save 25%  !,0000,5882833632,10,Yamaa,,$1700,power, (STJ),Yamaha 6 HP 4 stroke    Save 25%  !!              NEW  NEVER USED,https://virgin.craigslist.org/boa/5882833632.html,
45,,2016-12-02 12:44,"Rainbow 24' daysailer, Olin Stevens  of Sparkman Stevens design ,Great little seaworthy boat  Brand new sails still in bag. new keel plate ,stainless, trailer included. ready for bottom paint",,5902196622,24,,,$6000,sail, (st croix),sailboat 24' rainbow,https://virgin.craigslist.org/boa/5902196622.html,
46,good,2016-12-01 21:00,1983 Hunter sailboat great live aboard has yanmar 3gm new batteries solar panels needs sails on a mooring off honeymoon beach water island,,5892817157,34,,,$6000,sail, (St thomas),1983 Hunter sailboat,https://virgin.craigslist.org/boa/5892817157.html,
47,good,2016-12-01 17:50,"GULFSTAR 36.  Sloop rig.   St Thomas, U.S. Virgin Islands.  Well maintained, spacious and comfortable.  Ready to go.  Sleeps 6.  All fiberglass with a Ford-Lehman 80 HP Diesel.  100 Gallons Water, 100 Gallons Fuel.  12' Beam, 3.5' Draft.  Large center cockpit.  1971.  Ideal safe and dependable Caribbean cruiser or live aboard.  Fully found and extensively equipped.  Pages of extras; instruments, appliances, fishing/diving gear, mechanical spares, sails, generator, tools and many other items.  Will send list. Fresh bottom paint May, 16.  Abundant storage.  Includes a prime dock slip and 10' Caribe Dingy with 5HP Merc.  $35,000   A vehicle is also available.",800,5901254562,36,Gulfstar,,$35000,sail, (IBY St Thomass),Gulfstar 36 M/S Sloop,https://virgin.craigslist.org/boa/5901254562.html,1971
48,excellent,2016-12-01 14:33,"2013. 4.8m/15ft Piranha Rib for Sale. 2015. Yamaha 70hp Hull Weight: 216kg. Under 300kg with outboard. 6 gallon removable fuel tank. Anchor Nav lights port/starboard. Underwater lights, blue. Good seating arrangement. Planes with 10 passengers. Engine fully serviced July 2016 All new steering and wheel. Ladder not included $15,000.00. Available.",400,5900879477,15,Piranha,4.8,$15000,power, (St Thomas),"15 ft Tender, 70hp Yamaha",https://virgin.craigslist.org/boa/5900879477.html,2013
49,excellent,2016-12-01 10:26,Very secure private slip near Fish Hawk Marina. Can accommodate a 26' beam. Easy in/out. Water & elec. available at a small extra fee.,,5876228472,45,,,$900,human, (Benner Bay),catamaran sized slip for rent,https://virgin.craigslist.org/boa/5876228472.html,
50,fair,2016-12-01 08:38,"I am looking for an inexpensive small sailboat that is structurally sound.  I would like it to be in sailing condition, or can be brought into sailing condition fairly easily.  I am willing to work on the interior, electrical systems and cosmetic issues. Please let me know what work needs to be done or what is in working order. Thank you.",,5900441844,30,,,,sail,,WANTED: Inexpensive Sailboat,https://virgin.craigslist.org/boa/5900441844.html,
51,fair,2016-11-30 09:24,"Twin 250 hp Johnson Ocean Pro 2cycle engines 2003 Standard Horizon model Eclipse DCS marine radio Garmin GPSMAP2006  fishfinder gps Sturdy Built by Loadmaster 3 axle trailer with new Equalizer Rubber Tortion axles Center console boat vin number MXJ32001L484 Appraised in 2007 at $90,000 Asking $39,000",,5898903121,34,Midnight Express,MXJ32001L484,$39000,power, (C'sted),34'Midnight Express,https://virgin.craigslist.org/boa/5898903121.html,1988
52,excellent,2016-11-30 09:03,"For Sale: 2002 Mako 17Ft CC with 115HP Mercury Four Stroke only 480hrs. The boat is in really good conditions, it comes with new Garmin GPS/Depth Finder combo, VHF,  Music Radio + 4 speakers. Trailer continental with new tires. Price with trailer: $14,800 Price without trailer: $13,600 For more information please contact me thru Phone or Text Message at show contact info or show contact info or via email",480,5898855104,17,Mako,Center Console,$14800,power, (Puerto Rico),2002 Mako 17 Center Console,https://virgin.craigslist.org/boa/5898855104.html,2002
53,excellent,2016-11-30 06:32,"Great little reliable runabout. New- micron 66 bottom paint Awl girl hull paint Deck paint Todd center console Teleflex complete steering system Teleflex shift cables Igloo ice chest Also- recor fuel / water separator Teleflex tach Binical control 6 gal. Fuel tank Bruce anchor with 10 ft of chain and 100 ft of New England braid Stainless steel bow sprit with anchor roller Rule computerized bilge pump Yamaha 40 hp TLRB 3cyl with trim and tilt New carb set with electronic enrichment valve 125 lbs comp per cyl even Oil injected Synthetic lower unit oil Motor runs perfect. With current prop, max rpm is 5k at 26mph. Cruise on a flat day is 4200 at 23 mph. That being said, unless it's flat, it's an inshore boat. I've also added spray rails which make a big difference. In addition, there is a folding Bimini top. The boat can be seen at sapphire beach marina resort, slip N16. Feel free to go out and take a look. Any further questions, just text.",,5898813209,14,Home made,,$4500,power, (Sapphire marina),14 v-hull island fishing runabout,https://virgin.craigslist.org/boa/5898813209.html,
54,good,2016-11-30 05:44,Great walkaround/cabin Large 8'6 wide  rear deck Lots of storage Windlass anchor system New bottom paint Need to power Continental dual axle trailer Serious inquires only,,5898800047,29,sea ox 250C,blue water pro,$8500,power, (St croix),25' blue water pro walk around,https://virgin.craigslist.org/boa/5898800047.html,
55,,2016-11-29 21:41,1983 Bombay explore fixed keel auto pilot new solar pannels all led lights two state  rooms two bathrooms Perkins 4108 runs great sail in good shape holds 200 gallons of water 90 gal fuel this is one of the fastest sail boats in the Vi,,5898474900,44,,,$20000,sail, (Water island),44 foot Bombay explorer,https://virgin.craigslist.org/boa/5898474900.html,
56,good,2016-11-29 16:38,new bottom paint,7,5898059218,12,hobie skiff,dinghy,$1500,human, (red hook),16 foot HOBIE SKIFF,https://virgin.craigslist.org/boa/5898059218.html,
57,excellent,2016-11-29 14:28,"Bravissimo (J24) for sale Great day sailor/speedy racer. Well looked after and plenty of recent updates. The 2016/2017 sailing race calendar has just got underway and Bravissimo would be a great way to get involved with minimal outlay. Asking price including 5hp outboard (selling together) is $6,000 obo. A listing of everything included is below and there are plenty more photos on the WEYC facebook page. Please PM me if you'd like to view or have any questions. Boat - 1986 J24 - All set up and ready to race (incl spinnaker pole, blocks and sheets) Sails - 3x good condition main sails - 1x good condition jib - 1x good condition spinnaker - 5x other sails in various conditions from fair to okay (practice sails) Outboard engine - 5hp 2 stroke Tohatsu (long shaft 20"") (2014) - External fuel tank (5 gallons) (2014) Electronics - 1x handheld VHF radio - Handheld GPS (Garmin72) (2014) - Portable splash proof bluetooth speaker (2015) Tender - 2/3 person inflatable dinghy with oars and pump (Solstice) (2016) Other - Life jackets - Spare tiller - Berth cushions (3/4 and v-berths) - Manual bilge pump - Various spare cleats, shackles, blocks, etc. - Various cleaning products and brush - 3x anchors (various sizes and condition) - Dock lines and fenders - 2x coolers (large and small) - 2016 CSA rating Recent updates - New halyards (main, jib and spin) (2016) - New port lifeline (2016) - New port inner shroud and starboard outer shroud (2016) - New life line cushions (not yet attached) (2016) - Toe rails varnished (2016) - Bottom paint (Seahawk Hard) (2016)",,5897747214,24,J Boats,J24,$6000,sail," (Tortola, BVI)",J24 for sale,https://virgin.craigslist.org/boa/5897747214.html,1986
58,good,2016-11-29 13:03,$4000 obo: 13 foot Boston whaler with 2 stroke 25 hp yamaha enduro includes trailer and everything in pictures. Great for fishing and capable of going to buck island and back.  Gas tank 6 gallon,,5897640426,13,Yamaha Enduro,,$4000,power, (St Croix),13 ft Boson Whaler,https://virgin.craigslist.org/boa/5897640426.html,
59,good,2016-11-29 07:31,"Liveaboard available on the dock in St Thomas.  Interior and hull in great shape, engine needs minor work - fuel lines need to be bled and the heat exchanger needs to be replaced.  We have the part, just not the time to put it on. Email for pictures and details - owner financing available with a substantial deposit.",,5897222532,37,,,$18000,sail, (St Thomas),"Price Reduced! Liveaboard - good shape, engine needs minimal work",https://virgin.craigslist.org/boa/5897222532.html,
60,,2016-11-28 18:17,"Established Luxury Day Charter Boat Business for Sale Includes One vessels - 2001 Sea Ray 460 with completely rebuilt twin Cummins engines Established - Facebook, Twitter, Email, Client lists, Website, Advertising Program Based in St Thomas Very High-End Boat with Established reputation Non-Disclosure required for further information Owner will consider Partial Financing for an owner / operator (include resume in response)",10,5896590710,51,Sea Ray,460,$200000,power, (st thomas),Established Luxury Day Charter Boat & Business for Sale,https://virgin.craigslist.org/boa/5896590710.html,2001
61,,2016-11-28 13:43,"38'x24' Crowther, Offshore racing catamaranÂ  ""Nice Pair"" Available at $62k, considerÂ other smaller multihull trades Rare opportunity to own/campaign aÂ race boat of this caliber, and at a bargain price, Run with the big boys, under 5000lbsÂ with a PHRFÂ  of approx. -45 $65,000Â  55'Marstrom Carbon Mast brand new $8,000 screecher (never flown) 2015 new tramp $2000 ,second tramp two years old, 2016 spectra shrouds, $2,000 2016 double diamond wires, $800. 2015 fresh powdercoated beams(massive). $2,000 2015 3 new Spectra halyards, 2 new wire halyards, $2000. Newer epoxy paint, 2 coats epoxyÂ primer carbon reinforced chainplate backing plates,Â  2015 twin outboards, fenders ,dingy, GPS moving map, flares, vhf, racing head, twin roller furlers 2Â  Carbon screechers, 2 carbon Â code O's,Â  carbon jib, carbon main, 2 huge spinakers, autopilot. can easily sleep 4/5 with over 6"" headroom. Self launching loaner trailer. See ""Nice Pair catamaran"" on you tube. .$300k replacement.... Winner first leg r2ak,Â 2015, finished 10th 2016 *2000 Set East/West Trans Erie elapsed time record from Erie, PA to Grosse Ile, MI 17hrs and some change. *2001 3rd in Mills race (Lake Erie), 2nd Trans Michigan/Tripp Trophy (Muskegon to Milwaukee), 1st to Finish/1st in Class/1st overall (if they gave to multis) and set elapsed time record Queen's Cup (Milwaukee to Muskegon) 5h 20 min 1st multi to finish/2nd in class Chicago Mac race, 1st in Bayview Mac race, 1st to finish and set record Dedication Day race North Cape YC to Port Clinton, OH (Lake Erie), 1st to finish/2nd in class Green Island Race (Lake Erie). *2002 2nd Mills Race (Lake Erie), 1st to finish, 1st overall Trip Trophy Race (Muskegon to Milwaukee) only multi to win the trophy, 1st in class Queen's Cup, 3rd Bayview Mac race, 3rd Chicago Mac race, 3rd Trans Erie race, 1st to finish Dedication Day race, 3rd Green Island race. *2003 Mills race 3rd, 1st to finish Trans Michigan/Tripp Trophy race, 1st Queen's Cup, 2nd Chicago Mackinac race, 2nd Bayview Mackinaw race *2004 1st to finish Singlehanded Mac race, 1st to finish Trans Michigan/Tripp Trophy race, 1st to finish/1st in class Queen's Cup *2005 Singlehanded Super Mac race finisher, 1st to finish/3rd in class Huron Doublehanded Challenge, 2nd Chicago Mackinac race, 1st Bayview Mackinaw race *2006 3rd in class Mills race, 1st to finish/2nd in class Huron Doublehanded Challenge, 2nd Bayview Mackinaw race, 2nd Chicago Mackinac race. *2007 1st to finish Singlehanded Mackinaw race, 1st to finish/1st in class Huron Doublehanded Challenge, 2nd Chicago Mackinac race, 3rd Bayview Mackinaw race. *2008 1st to finish/1st in class Huron Doublehanded Challenge, 1st to finish/1st overall Bayview Mackinaw race, 1st in class/2nd overall Chicago Mackinac race, 1st to finish/1st overall Green Island Race. *2009 3rd Mills Trophy race, 1st to finish/1st in class Huron Doublehanded Challenge, 1st in class/1st overall Chicago Mackinac race, 2nd Super Mackinac race (Chicago to Port Huron), 1st overall Bayview Mackinaw race. *2010 1st to finish Singlehanded Mackinaw race, 1st overall Bayview Mackinaw race, 1st in class/2nd overall Chicago Mackinac race. need time off in life and going cruising",,5896061895,38,,,$62000,sail, (Reno),"38 Crowther racing/charter? catamaran,trailerable",https://virgin.craigslist.org/boa/5896061895.html,
62,good,2016-11-28 09:56,"Secure slip on private dock near marker 11. Will take 4' draft. Full time resident on dock for security. Monohull @ $450, Catamaran double slip @ $900.",00,5895653978,45,none,none,$450,human, (Benner Bay),Secure slip for rent,https://virgin.craigslist.org/boa/5895653978.html,
63,excellent,2016-11-28 09:12,"Large Glass bottom MONEY maker for sale .Tourist Magnet!.Lots of interest in these Unique craft! Will include website,paradiseboattoursfl.com, 31x11.5 ft . Non Current Coast Guard COI for 25 pass.,2 crew. 2014 f70 Yamaha engine,20ft x 4ft glass bottom. 33 life jackets,all safety equipment.Two boats available,  LETS DEAL!!",350,5891410765,31,,,$39500,power, (Central Florida),MAKE $$$$ GLASS BOTTOM TOUR BOATS FOR SALE!!,https://virgin.craigslist.org/boa/5891410765.html,
64,fair,2016-11-27 21:21,"31' Parasail Boat with a 7.4L 454 Murcruiser and bravo out-drive installed in boat. Selling with: -Volvo 444 cubic inch turbo Diesel. -Spare transmission -2 out-drives -3 props -Transom housing -Extra console with captain canopy -And many more parts. Intended on rebuilding, but have another project. Will make a great Island hopper. Send me an email to view it. Reduced to $15,000 OBO, all reasonable offers will be considered! Would consider trade!",,5895155826,31,Rainbow Runner,,$15000,power, (St Thomas),31' Parasail Boat,https://virgin.craigslist.org/boa/5895155826.html,
65,,2016-11-27 21:05,good cond,40,5895172895,2,xentrex,marine,$350,human," (St tomas,usvi)",xentrex 40amp batary charger,https://virgin.craigslist.org/boa/5895172895.html,2014
66,,2016-11-27 13:08,"Custom Carolina Sport Fishing Boats  Outerbanks Boatworks , Harkers Island NC , let us build your next boat",,5894476693,37,,,,power,,CUSTOM CAROLINA,https://virgin.craigslist.org/boa/5894476693.html,
67,excellent,2016-11-27 11:54,1984 Beneteau First 35 Sail away condition! Great liveaboard!,,5871172884,35,Beneteau,FIRST,$30000,sail, (STT),BENETEAU FIRST,https://virgin.craigslist.org/boa/5871172884.html,
68,like new,2016-11-26 13:36,6HP Yamaha 4 stroke Outboard With only 5 hours.,5,5893095027,1,Yamaha,,$1100,power," (Compass Point Marina, St. Thomas)",6HP Yamaha 4 stroke Outboard,https://virgin.craigslist.org/boa/5893095027.html,
69,good,2016-11-26 11:47,"Boat description Perfect boat to get around the Virgin Islands. 32' Scarab Center Console - WAS $42900 (St. Thomas) Reduced $3,000.  Now $39000.00 This is a 2003 32 foot Wellcraft center console sportfish. It comes with fighting lady yellow hull from the factory. It has two 225 Four stroke Yamaha engines With approximately 1150 hrs. on each engine. This boat has been meticulously maintained by the owner. All of the upholstery and bolsters were replaced in 2011. The engines have had an oil change at every 100 hours of use. This boat is an excellent fishing machine. The owner added many rod holders to it totaling 28 rod holders. It has a generous live well in the transom. All of the in floor compartments are insulated. The center console has a flip up door that leads to a cabin that can house a porta potty or add a working head to it in the future. The electronics package includes Raymarine GPS chart plotter, Furuno fishfinder depth recorder, an additional Furuno GPS, for Raymarine radar 24 miles, VHS radio and a clarion stereo. This boat performs very well in rough sea conditions due to its racing design hull. It is very comfortable and dry in most situations. This Boat is an all-around good choice for anyone wanting to Fish, snorkel/ scuba or just cruise the Virgin Islands. Call Hal at show contact info Note: to those of you that are calling and if you're going to pretend to buy my boat sight unseen please don't respond I know you're a scammer, if you can't get here because you're deployed somewhere else and you're buying the boat for your brother please don't call I know you're a scammer. I'm not going to give out personal information with bank account numbers or Social Security numbers I'm not that foolish so just go somewhere else! And if you're wondering why you're making these phone calls from jail this is the reason why, wake up idiots! Please disregard the last paragraph if you're a legitimate buyer, thank you.",1150,5892905556,32,Wellcraft,32 CCF,$39,power,,32 ' center console,https://virgin.craigslist.org/boa/5892905556.html,2003
70,fair,2016-11-25 10:35,fresh bottom paint,12,5891448536,8,marine,marine,$1400,human, (red hook),15ft HOBIE SKIFF,https://virgin.craigslist.org/boa/5891448536.html,
71,good,2016-11-25 10:35,needs some work.,7,5891447812,12,tortola,dinghy,$2000,human, (red hook),15 foot  DINGHY will 15 hp yamaha,https://virgin.craigslist.org/boa/5891447812.html,
72,,2016-11-25 08:31,Has 2010  Yanmar 4GM diesel and Kanzaki Transmission. Good Hull . Needs total restoration. At Independent in the storage lot on the right side. MORNINGSTAR is the sailboat that made it to the top of TripAdvisor.,,5878869609,40,,,$6000,sail, (STT),1967 Cheoy  Lee 40' sloop,https://virgin.craigslist.org/boa/5878869609.html,
73,,2016-11-24 10:35,"good cond,15 yamaha available",35,5890508940,14,2012,14ft,$1200,human," (St tomas,usvi)",13ft carribe,https://virgin.craigslist.org/boa/5890508940.html,2012
74,fair,2016-11-23 20:17,The boat is rough but with a little work it could make a great liveaboard No sails No motor One functioning head Need gone make an offer,,5890068895,40,,,$1,sail,,40ft endeavor,https://virgin.craigslist.org/boa/5890068895.html,
75,,2016-11-23 15:58,"Good afternoon. I'm in need of a slip for a couple of months.  We're 37' long, 17'6"" beam.  Would need power and water.  Email/text with any info/leads.  Thank you!",0,5889610736,37,Dean,365,$1,sail, (St Thomas),Wanted- slip to rent,https://virgin.craigslist.org/boa/5889610736.html,
76,new,2016-11-23 15:55,"Imemsa Panga Nuevo. Todos los Imemsa tienen 5 anos de garantia. Para mas informacion envia mensaje al inbox. Eslora 7.65 mts / 25.08 pies Manga 1.84 mts / 6.03 pies Puntal 0.63 mts / 2.06 pies Espejo 55.80 cm / 22 pulgadas Cap. Max. de carga 1,200 Kgs. / 2,646 lbs Peso promedio 450 Kgs / 992 lbs New Imemsa Panga for sale by the Caribbean's Exclusive importer and distributor, Legacy Boats. All Imemsa pangas have a 5 year warranty. For more information reply to this ad. Eslora 7.65 mts / 25.08 pies (Length) Manga 1.84 mts / 6.03 pies (Width/Beam) Puntal 0.63 mts / 2.06 pies Espejo 55.80 cm / 22 pulgadas Cap. Max. de carga 1,200 Kgs. / 2,646 lbs Peso promedio 450 Kgs / 992 lbs",,5889741252,25,Imemsa,25W,$10750,power, (San Juan),New 25' Imemsa Panga,https://virgin.craigslist.org/boa/5889741252.html,2016
77,,2016-11-23 10:44,"Mooring for sale , Christiansted harbor  $2,500. firm.",,5889244760,40,,,$2500,sail, (STX),Mooring for sale,https://virgin.craigslist.org/boa/5889244760.html,
78,,2016-11-21 23:45,"26 foot Center console boat for sale. It has never been used for charter. But would be Perfect for a charter business. 1999 monza hull if you know anything about boats there no need to say no more about the hull. There are 2007 two 250 etec for power with 390 hours on each. Six speaker, one subwoofer JL audio stereo system with two amps that are less than 6 months old. A garmin 4208 for navigation new trim/tilt motors and brackets livorsi gauges, down riggers for fishing, underwater led lights anchors/life jackets ect. Serious inquiries only. I will not be low balled.",,5854374352,26,,,$32000,power, (St. Thomas),26' Monza center console with twin 250s,https://virgin.craigslist.org/boa/5854374352.html,
79,fair,2016-11-21 15:09,"1 - 26' Twin Vee w/ 2 - 115 HP outboard Suzuki engines with trailer. $8,000 for everything.  Please call and leave a voicemail. Both engines have 600 hours. One engine perfect, one needs rebuilding.",600,5876237209,26,Twin Vee,Weekender w/ Cuddy Cabin,$8000,power," (Red Hook, STT)","26' Twin Vee Boat, Trailer, 2- Suzuki 115 HP Outboard Engines",https://virgin.craigslist.org/boa/5876237209.html,2000
80,,2016-11-21 14:49,"1979 Morgan 382 located in St. Thomas USVI. The boat was purchased in 2014 and underwent a minor refit before cruising the eastern caribbean for 1 year.  The boat is completely outfitted for cruising and ready to sail. All equipment, tools, safety gear, spare parts, charts etc... are included in the purchase price. Lots of equipment less than 1 year old. Solar, wind generator, water maker, life raft, dinghy, outboard all included. Boat features a V-berth forward and quarter berth aft. Salon settee converts to full bed. Stand up shower, 2 burner stove with oven and double sink. Email or call for more details. 340-22seven-six25one Yanmar 3QM30 Wind Generator Solar x 220w (new) Little Wonder Water Maker 4 Man Life raft Zodiac Max 2 inflatable dinghy (new) Nissan 5 horsepower outboard Full Batten main sail 110 Genoa (new) 150 Genoa Spinaker RayMarine GPS (new) Single Side Band VHF x 2 Autopilot Inverter/Charger Dodger and Bimini (new)",,5886639413,38,Morgan,382,$49000,sail, (St. Thomas),Morgan 382 - Price Reduced,https://virgin.craigslist.org/boa/5886639413.html,1979
81,excellent,2016-11-21 13:16,"Extras:  Fresh Water wash down in stern an bow, also salt water wash down in stern, burglar proofing, solar circulating fans, dodger and side awnings. Registered US Coast Guard. GPS, VHF, Radio, CD, Compass, auto pilot, Electrical Windless, Bilge Pump: Auto & Manual. Also, high water alarm with automatic high capacity bilge pump. Carbon monoxide alarm. Safety cables for harnesses. 10 berths, 2 heads, 175 gallons of water, hot and cold water.   Dingy included. Asking $67KUS-Price negotiable-Price reduced for quick sale.  Owner purchased another boat-Power.",500,5886515276,42,Jeanneau,Sun Odessy,$67,sail, (Trinidad and Tobago),42' Jeanneau Sun Odessy,https://virgin.craigslist.org/boa/5886515276.html,1999
82,,2016-11-21 08:46,"WE are selling our successful day sailing business. Great history, room to grow business, great sailing Tartan 37. Departs from downtown St. Thomas.....",,5886115913,37,Tartan,Tartan 37,$65000,sail, (st thomas),Daysailing business & Tartan 37,https://virgin.craigslist.org/boa/5886115913.html,
83,,2016-11-20 22:50,"Nice Boat Currently used as a Floating condo Great slip location Have a ton of receipts and documentation on this vessel Been in every inch of this boat, very well built Located at Compass IBY Interior %100 updated more pictures soon Starboard side has a running 454 Port side was converted to electric, pervious owner sold the electric motor,  motors can be found online for $500-$1000, very simple to reinstall or could go back to 454. engine room is very clean 10 kw westerbeke generator Vessel was surveyed a couple years ago for $66,000 please only serious inquiries Please Email your phone number",,5885832728,40,Silverton,,$25000,power, (East STT),40' Silverton Aft Cabin,https://virgin.craigslist.org/boa/5885832728.html,
84,like new,2016-11-20 17:51,"120 LB CQR stainless steel anchor. $5,000 OBO",,5885502854,120,,,$5000,human, (Hull Bay),SS Anchor For Sale 120lb,https://virgin.craigslist.org/boa/5885502854.html,
85,good,2016-11-20 17:05,"All new parts. I had it running about 2 months ago...does an easy 50mph but now the  Engine isn't running due to a bad head gasket/ low compression in the 3rd and 4th cylinder.  Easy fix for someone with any mechanical skills. I also can provide another engine if  nessesary. Comes with a continental double trailer, some extra body plastics, trickle charger, paddle, 1 extra impeller, extra seat.  Serious inquiries only. Txt show contact info Need to sell ASAP",,5885384660,12,Yamaha,Vx1100,$2200,power, (Eastend),07 waverunner,https://virgin.craigslist.org/boa/5885384660.html,2007
86,excellent,2016-11-19 23:49,"1978 Sport Fisherman. Completed renovated: 2012. Hull Material Fiberglass. Type: Modified-V,   L.O.A. 27', Beam:12', Draft: 3'5"", Overhead/Clearance: 7', Weight 12,000 lbs. Propulsion System: Single Detroit Marine Diesel, V-6 53 Series Natural. Complete rebuilt,  Propeller Nibral four blades. Two heavy duty batteries and also solar panels. Runs perfectly not one issue Two new Aluminum tanks, fuel capacity 116 gallons. Aluminum structure for fiberglass Hard Top and Canopy. Fourteen Rod Holders. A bunk-bed (2 people). GPS Garmin Map 400/500 series, VHF Unidem, Ritchie Compass. Boat is customized for shrimping, includes shrimping nets. USCG Inspected. Fishing license of South Atlantic Snapper, Mackerel, Dolphin, Wahoo and Charter License. Owner is getting out of shrimping due his health. Also includes North Trailer.",1500,5884581501,32,Moravia,Sport Fisherman,$45000,power, (SOUTHEAST USA),COMMERCIAL SHRIMPING/FISHING BOAT,https://virgin.craigslist.org/boa/5884581501.html,1978
87,,2016-11-19 10:40,I have a Light 12 ft Dinghy for sale. Refinished bottom and Bottom Paint. New topside paint and floor. Hull only $750. Hull and 4.5 hp Evenrude $1000,,5850962013,12,,,$1000,power, (Water Island),12 foot Dinghy,https://virgin.craigslist.org/boa/5850962013.html,
88,,2016-11-19 10:29,"I have a 12 foot Tortola dinghy for sale with 15 horse Yamaha, 2 stroke. Bottom totally redone. Fiberglass, Bottom paint and topside paint. Battery, Bilge and flapper switch. Boat is in the water I use it everyday. Starts first or second pull every time. Serious inquiries only. Bring cash and cruise it home. Pics on request",,5850950005,12,,,$2250,power, (Water Island),12' Tortola Dinghy,https://virgin.craigslist.org/boa/5850950005.html,
89,good,2016-11-19 10:29,I'm selling my 14' Dingy with 60 hp 4 stroke Yamaha.,,5883411884,14,Novurania,430DL,$9500,power, (St Thomas),14' Novurania 430 DLRib,https://virgin.craigslist.org/boa/5883411884.html,
90,good,2016-11-18 19:55,25 hp commercial Johnson outboard. A real workhorse. Good condition. New power pack. Runs great..,,5858289866,1,Johnson,25 hp commercial,$1000,power, (st thomas),25 hp Johnson,https://virgin.craigslist.org/boa/5858289866.html,1997
91,,2016-11-18 17:15,32 Baja 1993 for sale call for details  GIO show contact info,,5840430340,32,,,$6500,power,,32 Baja V HULL  1993,https://virgin.craigslist.org/boa/5840430340.html,
92,,2016-11-18 10:51,"100% wood free construction . build by order - custom 15.2ft center console skiff price starts at $16,995  includes 40hp Suzuki and aluminum trailer torsion axel top of the line. like us on Facebook - www.facebook.com/hogfishboats instargram: @hogfishboats Hogfish Boats Commercial Video: https://vimeo.com/189477102 Office: show contact info Email: show contact info",,5882010260,1,,,$16995,power,,2017 Hogfish Boats Skiff factory direct,https://virgin.craigslist.org/boa/5882010260.html,
